timestamp_ms,eeg_value,noise_level,quality_score,mode
0.00,-0.0045,0.0500,95,normal
10.00,0.5357,0.0500,95,normal
20.00,0.8303,0.0500,95,normal
30.00,0.7683,0.0500,95,normal
40.00,0.5765,0.0500,95,normal
50.00,0.3203,0.0500,95,normal
60.00,-0.0334,0.0500,95,normal
70.00,-0.3588,0.0500,95,normal
80.00,-0.6143,0.0500,95,normal
90.00,-0.5004,0.0500,95,normal
100.00,-0.1748,0.0500,95,normal
110.00,0.2000,0.0500,95,normal
120.00,0.3202,0.0500,95,normal
130.00,0.1822,0.0500,95,normal
140.00,-0.0407,0.0500,95,normal
150.00,-0.1618,0.0500,95,normal
160.00,-0.3642,0.0500,95,normal
170.00,-0.4268,0.0500,95,normal
180.00,-0.4834,0.0500,95,normal
190.00,-0.2576,0.0500,95,normal
200.00,0.2383,0.0500,95,normal
210.00,0.7827,0.0500,95,normal
220.00,0.9264,0.0500,95,normal
230.00,0.7217,0.0500,95,normal
240.00,0.4135,0.0500,95,normal
250.00,-0.0435,0.0500,95,normal
260.00,-0.4135,0.0500,95,normal
270.00,-0.7387,0.0500,95,normal
280.00,-0.8899,0.0500,95,normal
290.00,-0.7147,0.0500,95,normal
300.00,-0.2948,0.0500,95,normal
310.00,0.1891,0.0500,95,normal
320.00,0.4574,0.0500,95,normal
330.00,0.4668,0.0500,95,normal
340.00,0.2942,0.0500,95,normal
350.00,0.1898,0.0500,95,normal
360.00,0.0302,0.0500,95,normal
370.00,-0.2277,0.0500,95,normal
380.00,-0.3387,0.0500,95,normal
390.00,-0.1875,0.0500,95,normal
400.00,0.2118,0.0500,95,normal
410.00,0.4874,0.0500,95,normal
420.00,0.6018,0.0500,95,normal
430.00,0.3193,0.0500,95,normal
440.00,-0.0026,0.0500,95,normal
450.00,-0.2793,0.0500,95,normal
460.00,-0.5805,0.0500,95,normal
470.00,-0.7383,0.0500,95,normal
480.00,-0.8173,0.0500,95,normal
490.00,-0.6067,0.0500,95,normal
500.00,0.0160,0.0500,95,normal
510.00,0.5847,0.0500,95,normal
520.00,0.8513,0.0500,95,normal
530.00,0.8288,0.0500,95,normal
540.00,0.5870,0.0500,95,normal
550.00,0.2478,0.0500,95,normal
560.00,-0.0529,0.0500,95,normal
570.00,-0.3748,0.0500,95,normal
580.00,-0.5633,0.0500,95,normal
590.00,-0.5544,0.0500,95,normal
600.00,-0.2058,0.0500,95,normal
610.00,0.2385,0.0500,95,normal
620.00,0.3067,0.0500,95,normal
630.00,0.2367,0.0500,95,normal
640.00,0.0138,0.0500,95,normal
650.00,-0.2053,0.0500,95,normal
660.00,-0.3077,0.0500,95,normal
670.00,-0.4878,0.0500,95,normal
680.00,-0.4479,0.0500,95,normal
690.00,-0.1886,0.0500,95,normal
700.00,0.3078,0.0500,95,normal
710.00,0.7417,0.0500,95,normal
720.00,0.8909,0.0500,95,normal
730.00,0.7147,0.0500,95,normal
740.00,0.3355,0.0500,95,normal
750.00,-0.0185,0.0500,95,normal
760.00,-0.3860,0.0500,95,normal
770.00,-0.7232,0.0500,95,normal
780.00,-0.9349,0.0500,95,normal
790.00,-0.7597,0.0500,95,normal
800.00,-0.3033,0.0500,95,normal
810.00,0.2041,0.0500,95,normal
820.00,0.4414,0.0500,95,normal
830.00,0.4443,0.0500,95,normal
840.00,0.3752,0.0500,95,normal
850.00,0.1853,0.0500,95,normal
860.00,-0.0248,0.0500,95,normal
870.00,-0.1827,0.0500,95,normal
880.00,-0.3352,0.0500,95,normal
890.00,-0.1745,0.0500,95,normal
900.00,0.2068,0.0500,95,normal
910.00,0.5204,0.0500,95,normal
920.00,0.6268,0.0500,95,normal
930.00,0.3508,0.0500,95,normal
940.00,-0.0156,0.0500,95,normal
950.00,-0.3008,0.0500,95,normal
960.00,-0.5255,0.0500,95,normal
970.00,-0.8168,0.0500,95,normal
980.00,-0.8608,0.0500,95,normal
990.00,-0.5917,0.0500,95,normal
1000.00,-0.0395,0.0500,95,normal
1010.00,0.5087,0.0500,95,normal
1020.00,0.8708,0.0500,95,normal
1030.00,0.8313,0.0500,95,normal
1040.00,0.5835,0.0500,95,normal
1050.00,0.2583,0.0500,95,normal
1060.00,-0.0479,0.0500,95,normal
1070.00,-0.3478,0.0500,95,normal
1080.00,-0.6298,0.0500,95,normal
1090.00,-0.5139,0.0500,95,normal
1100.00,-0.2038,0.0500,95,normal
1110.00,0.1580,0.0500,95,normal
1120.00,0.3522,0.0500,95,normal
1130.00,0.1907,0.0500,95,normal
1140.00,0.0438,0.0500,95,normal
1150.00,-0.1633,0.0500,95,normal
1160.00,-0.2907,0.0500,95,normal
1170.00,-0.4728,0.0500,95,normal
1180.00,-0.4964,0.0500,95,normal
1190.00,-0.1796,0.0500,95,normal
1200.00,0.3098,0.0500,95,normal
1210.00,0.7772,0.0500,95,normal
1220.00,0.8649,0.0500,95,normal
1230.00,0.7232,0.0500,95,normal
1240.00,0.3920,0.0500,95,normal
1250.00,-0.0175,0.0500,95,normal
1260.00,-0.3905,0.0500,95,normal
1270.00,-0.7047,0.0500,95,normal
1280.00,-0.8664,0.0500,95,normal
1290.00,-0.7072,0.0500,95,normal
1300.00,-0.2558,0.0500,95,normal
1310.00,0.1841,0.0500,95,normal
1320.00,0.5009,0.0500,95,normal
1330.00,0.4668,0.0500,95,normal
1340.00,0.3122,0.0500,95,normal
1350.00,0.1603,0.0500,95,normal
1360.00,0.0222,0.0500,95,normal
1370.00,-0.2357,0.0500,95,normal
1380.00,-0.3327,0.0500,95,normal
1390.00,-0.2325,0.0500,95,normal
1400.00,0.2048,0.0500,95,normal
1410.00,0.5379,0.0500,95,normal
1420.00,0.6168,0.0500,95,normal
1430.00,0.3678,0.0500,95,normal
1440.00,0.0039,0.0500,95,normal
1450.00,-0.3023,0.0500,95,normal
1460.00,-0.5495,0.0500,95,normal
1470.00,-0.8063,0.0500,95,normal
1480.00,-0.8013,0.0500,95,normal
1490.00,-0.5987,0.0500,95,normal
1500.00,0.0085,0.0500,95,normal
1510.00,0.5917,0.0500,95,normal
1520.00,0.8053,0.0500,95,normal
1530.00,0.7998,0.0500,95,normal
1540.00,0.5715,0.0500,95,normal
1550.00,0.2763,0.0500,95,normal
1560.00,-0.0184,0.0500,95,normal
1570.00,-0.4088,0.0500,95,normal
1580.00,-0.6268,0.0500,95,normal
1590.00,-0.4754,0.0500,95,normal
1600.00,-0.1503,0.0500,95,normal
1610.00,0.2390,0.0500,95,normal
1620.00,0.3432,0.0500,95,normal
1630.00,0.1947,0.0500,95,normal
1640.00,-0.0392,0.0500,95,normal
1650.00,-0.1408,0.0500,95,normal
1660.00,-0.2832,0.0500,95,normal
1670.00,-0.4408,0.0500,95,normal
1680.00,-0.4509,0.0500,95,normal
1690.00,-0.2211,0.0500,95,normal
1700.00,0.3133,0.0500,95,normal
1710.00,0.7382,0.0500,95,normal
1720.00,0.8714,0.0500,95,normal
1730.00,0.6857,0.0500,95,normal
1740.00,0.3645,0.0500,95,normal
1750.00,0.0055,0.0500,95,normal
1760.00,-0.3605,0.0500,95,normal
1770.00,-0.6952,0.0500,95,normal
1780.00,-0.9474,0.0500,95,normal
1790.00,-0.7367,0.0500,95,normal
1800.00,-0.3068,0.0500,95,normal
1810.00,0.2526,0.0500,95,normal
1820.00,0.4634,0.0500,95,normal
1830.00,0.4383,0.0500,95,normal
1840.00,0.3562,0.0500,95,normal
1850.00,0.1398,0.0500,95,normal
1860.00,-0.0023,0.0500,95,normal
1870.00,-0.2577,0.0500,95,normal
1880.00,-0.3057,0.0500,95,normal
1890.00,-0.2410,0.0500,95,normal
1900.00,0.1618,0.0500,95,normal
1910.00,0.5059,0.0500,95,normal
1920.00,0.5513,0.0500,95,normal
1930.00,0.3608,0.0500,95,normal
1940.00,0.0099,0.0500,95,normal
1950.00,-0.2768,0.0500,95,normal
1960.00,-0.5995,0.0500,95,normal
1970.00,-0.7408,0.0500,95,normal
1980.00,-0.8608,0.0500,95,normal
1990.00,-0.5652,0.0500,95,normal
2000.00,-0.0240,0.0500,95,normal
2010.00,0.5307,0.0500,95,normal
2020.00,0.8548,0.0500,95,normal
2030.00,0.7948,0.0500,95,normal
2040.00,0.5430,0.0500,95,normal
2050.00,0.3103,0.0500,95,normal
2060.00,0.0191,0.0500,95,normal
2070.00,-0.3258,0.0500,95,normal
2080.00,-0.5673,0.0500,95,normal
2090.00,-0.4879,0.0500,95,normal
2100.00,-0.1298,0.0500,95,normal
2110.00,0.1680,0.0500,95,normal
2120.00,0.3577,0.0500,95,normal
2130.00,0.1967,0.0500,95,normal
2140.00,-0.0337,0.0500,95,normal
2150.00,-0.2083,0.0500,95,normal
2160.00,-0.3052,0.0500,95,normal
2170.00,-0.4628,0.0500,95,normal
2180.00,-0.4589,0.0500,95,normal
2190.00,-0.2566,0.0500,95,normal
2200.00,0.2928,0.0500,95,normal
2210.00,0.7282,0.0500,95,normal
2220.00,0.8824,0.0500,95,normal
2230.00,0.7657,0.0500,95,normal
2240.00,0.3735,0.0500,95,normal
2250.00,-0.0260,0.0500,95,normal
2260.00,-0.3740,0.0500,95,normal
2270.00,-0.7347,0.0500,95,normal
2280.00,-0.9439,0.0500,95,normal
2290.00,-0.7482,0.0500,95,normal
2300.00,-0.2878,0.0500,95,normal
2310.00,0.2161,0.0500,95,normal
2320.00,0.4589,0.0500,95,normal
2330.00,0.4648,0.0500,95,normal
2340.00,0.2887,0.0500,95,normal
2350.00,0.1608,0.0500,95,normal
2360.00,-0.0213,0.0500,95,normal
2370.00,-0.1767,0.0500,95,normal
2380.00,-0.3462,0.0500,95,normal
2390.00,-0.1690,0.0500,95,normal
2400.00,0.2203,0.0500,95,normal
2410.00,0.5404,0.0500,95,normal
2420.00,0.5693,0.0500,95,normal
2430.00,0.4138,0.0500,95,normal
2440.00,-0.0201,0.0500,95,normal
2450.00,-0.2908,0.0500,95,normal
2460.00,-0.5950,0.0500,95,normal
2470.00,-0.7453,0.0500,95,normal
2480.00,-0.7983,0.0500,95,normal
2490.00,-0.5302,0.0500,95,normal
2500.00,0.0360,0.0500,95,normal
2510.00,0.5552,0.0500,95,normal
2520.00,0.8788,0.0500,95,normal
2530.00,0.8253,0.0500,95,normal
2540.00,0.5520,0.0500,95,normal
2550.00,0.2873,0.0500,95,normal
2560.00,-0.0759,0.0500,95,normal
2570.00,-0.3613,0.0500,95,normal
2580.00,-0.5913,0.0500,95,normal
2590.00,-0.5614,0.0500,95,normal
2600.00,-0.1388,0.0500,95,normal
2610.00,0.1665,0.0500,95,normal
2620.00,0.3572,0.0500,95,normal
2630.00,0.1862,0.0500,95,normal
2640.00,-0.0007,0.0500,95,normal
2650.00,-0.1853,0.0500,95,normal
2660.00,-0.2967,0.0500,95,normal
2670.00,-0.4998,0.0500,95,normal
2680.00,-0.4719,0.0500,95,normal
2690.00,-0.2501,0.0500,95,normal
2700.00,0.3068,0.0500,95,normal
2710.00,0.7147,0.0500,95,normal
2720.00,0.9249,0.0500,95,normal
2730.00,0.7082,0.0500,95,normal
2740.00,0.3770,0.0500,95,normal
2750.00,0.0255,0.0500,95,normal
2760.00,-0.3345,0.0500,95,normal
2770.00,-0.7607,0.0500,95,normal
2780.00,-0.9364,0.0500,95,normal
2790.00,-0.7037,0.0500,95,normal
2800.00,-0.2808,0.0500,95,normal
2810.00,0.2331,0.0500,95,normal
2820.00,0.4934,0.0500,95,normal
2830.00,0.4282,0.0500,95,normal
2840.00,0.3052,0.0500,95,normal
2850.00,0.1518,0.0500,95,normal
2860.00,0.0227,0.0500,95,normal
2870.00,-0.2352,0.0500,95,normal
2880.00,-0.2957,0.0500,95,normal
2890.00,-0.1615,0.0500,95,normal
2900.00,0.1693,0.0500,95,normal
2910.00,0.5029,0.0500,95,normal
2920.00,0.5658,0.0500,95,normal
2930.00,0.3453,0.0500,95,normal
2940.00,0.0404,0.0500,95,normal
2950.00,-0.3168,0.0500,95,normal
2960.00,-0.5655,0.0500,95,normal
2970.00,-0.7663,0.0500,95,normal
2980.00,-0.8798,0.0500,95,normal
2990.00,-0.5452,0.0500,95,normal
3000.00,-0.0065,0.0500,95,normal
3010.00,0.5822,0.0500,95,normal
3020.00,0.7958,0.0500,95,normal
3030.00,0.7333,0.0500,95,normal
3040.00,0.5495,0.0500,95,normal
3050.00,0.3003,0.0500,95,normal
3060.00,0.0046,0.0500,95,normal
3070.00,-0.3513,0.0500,95,normal
3080.00,-0.5858,0.0500,95,normal
3090.00,-0.5679,0.0500,95,normal
3100.00,-0.1653,0.0500,95,normal
3110.00,0.1745,0.0500,95,normal
3120.00,0.3302,0.0500,95,normal
3130.00,0.1782,0.0500,95,normal
3140.00,0.0133,0.0500,95,normal
3150.00,-0.2158,0.0500,95,normal
3160.00,-0.2877,0.0500,95,normal
3170.00,-0.4813,0.0500,95,normal
3180.00,-0.4869,0.0500,95,normal
3190.00,-0.2021,0.0500,95,normal
3200.00,0.3253,0.0500,95,normal
3210.00,0.7657,0.0500,95,normal
3220.00,0.9154,0.0500,95,normal
3230.00,0.6927,0.0500,95,normal
3240.00,0.4130,0.0500,95,normal
3250.00,0.0215,0.0500,95,normal
3260.00,-0.3255,0.0500,95,normal
3270.00,-0.7197,0.0500,95,normal
3280.00,-0.9429,0.0500,95,normal
3290.00,-0.7002,0.0500,95,normal
3300.00,-0.2418,0.0500,95,normal
3310.00,0.1911,0.0500,95,normal
3320.00,0.4389,0.0500,95,normal
3330.00,0.4698,0.0500,95,normal
3340.00,0.3382,0.0500,95,normal
3350.00,0.2238,0.0500,95,normal
3360.00,-0.0378,0.0500,95,normal
3370.00,-0.2077,0.0500,95,normal
3380.00,-0.2872,0.0500,95,normal
3390.00,-0.2300,0.0500,95,normal
3400.00,0.2153,0.0500,95,normal
3410.00,0.5159,0.0500,95,normal
3420.00,0.5498,0.0500,95,normal
3430.00,0.3543,0.0500,95,normal
3440.00,0.0244,0.0500,95,normal
3450.00,-0.2363,0.0500,95,normal
3460.00,-0.5960,0.0500,95,normal
3470.00,-0.7683,0.0500,95,normal
3480.00,-0.7908,0.0500,95,normal
3490.00,-0.5267,0.0500,95,normal
3500.00,0.0145,0.0500,95,normal
3510.00,0.5297,0.0500,95,normal
3520.00,0.8783,0.0500,95,normal
3530.00,0.8113,0.0500,95,normal
3540.00,0.5610,0.0500,95,normal
3550.00,0.2853,0.0500,95,normal
3560.00,-0.0399,0.0500,95,normal
3570.00,-0.3713,0.0500,95,normal
3580.00,-0.5433,0.0500,95,normal
3590.00,-0.5624,0.0500,95,normal
3600.00,-0.2058,0.0500,95,normal
3610.00,0.2255,0.0500,95,normal
3620.00,0.3282,0.0500,95,normal
3630.00,0.1797,0.0500,95,normal
3640.00,0.0438,0.0500,95,normal
3650.00,-0.1718,0.0500,95,normal
3660.00,-0.3027,0.0500,95,normal
3670.00,-0.4938,0.0500,95,normal
3680.00,-0.4674,0.0500,95,normal
3690.00,-0.2181,0.0500,95,normal
3700.00,0.2558,0.0500,95,normal
3710.00,0.7717,0.0500,95,normal
3720.00,0.9089,0.0500,95,normal
3730.00,0.6702,0.0500,95,normal
3740.00,0.3400,0.0500,95,normal
3750.00,0.0445,0.0500,95,normal
3760.00,-0.3915,0.0500,95,normal
3770.00,-0.7412,0.0500,95,normal
3780.00,-0.9104,0.0500,95,normal
3790.00,-0.6977,0.0500,95,normal
3800.00,-0.2518,0.0500,95,normal
3810.00,0.2086,0.0500,95,normal
3820.00,0.5309,0.0500,95,normal
3830.00,0.5223,0.0500,95,normal
3840.00,0.2907,0.0500,95,normal
3850.00,0.1573,0.0500,95,normal
3860.00,0.0187,0.0500,95,normal
3870.00,-0.2517,0.0500,95,normal
3880.00,-0.3367,0.0500,95,normal
3890.00,-0.2135,0.0500,95,normal
3900.00,0.1448,0.0500,95,normal
3910.00,0.4849,0.0500,95,normal
3920.00,0.5423,0.0500,95,normal
3930.00,0.3938,0.0500,95,normal
3940.00,-0.0111,0.0500,95,normal
3950.00,-0.2578,0.0500,95,normal
3960.00,-0.6060,0.0500,95,normal
3970.00,-0.8068,0.0500,95,normal
3980.00,-0.8028,0.0500,95,normal
3990.00,-0.5897,0.0500,95,normal
4000.00,-0.0370,0.0500,95,normal
4010.00,0.5697,0.0500,95,normal
4020.00,0.8308,0.0500,95,normal
4030.00,0.8088,0.0500,95,normal
4040.00,0.5525,0.0500,95,normal
4050.00,0.3143,0.0500,95,normal
4060.00,-0.0674,0.0500,95,normal
4070.00,-0.4093,0.0500,95,normal
4080.00,-0.5713,0.0500,95,normal
4090.00,-0.4949,0.0500,95,normal
4100.00,-0.1658,0.0500,95,normal
4110.00,0.1820,0.0500,95,normal
4120.00,0.3327,0.0500,95,normal
4130.00,0.2292,0.0500,95,normal
4140.00,-0.0032,0.0500,95,normal
4150.00,-0.2168,0.0500,95,normal
4160.00,-0.3267,0.0500,95,normal
4170.00,-0.4428,0.0500,95,normal
4180.00,-0.5089,0.0500,95,normal
4190.00,-0.2241,0.0500,95,normal
4200.00,0.2578,0.0500,95,normal
4210.00,0.7062,0.0500,95,normal
4220.00,0.8564,0.0500,95,normal
4230.00,0.7617,0.0500,95,normal
4240.00,0.3270,0.0500,95,normal
4250.00,0.0230,0.0500,95,normal
4260.00,-0.3830,0.0500,95,normal
4270.00,-0.6952,0.0500,95,normal
4280.00,-0.9184,0.0500,95,normal
4290.00,-0.7492,0.0500,95,normal
4300.00,-0.2493,0.0500,95,normal
4310.00,0.2516,0.0500,95,normal
4320.00,0.4864,0.0500,95,normal
4330.00,0.4972,0.0500,95,normal
4340.00,0.3592,0.0500,95,normal
4350.00,0.1838,0.0500,95,normal
4360.00,0.0082,0.0500,95,normal
4370.00,-0.2232,0.0500,95,normal
4380.00,-0.2957,0.0500,95,normal
4390.00,-0.2350,0.0500,95,normal
4400.00,0.2063,0.0500,95,normal
4410.00,0.5619,0.0500,95,normal
4420.00,0.5918,0.0500,95,normal
4430.00,0.3553,0.0500,95,normal
4440.00,0.0704,0.0500,95,normal
4450.00,-0.2868,0.0500,95,normal
4460.00,-0.5895,0.0500,95,normal
4470.00,-0.7613,0.0500,95,normal
4480.00,-0.8118,0.0500,95,normal
4490.00,-0.5132,0.0500,95,normal
4500.00,0.0495,0.0500,95,normal
4510.00,0.5402,0.0500,95,normal
4520.00,0.7983,0.0500,95,normal
4530.00,0.7753,0.0500,95,normal
4540.00,0.5865,0.0500,95,normal
4550.00,0.3043,0.0500,95,normal
4560.00,-0.0484,0.0500,95,normal
4570.00,-0.3293,0.0500,95,normal
4580.00,-0.6163,0.0500,95,normal
4590.00,-0.5684,0.0500,95,normal
4600.00,-0.1643,0.0500,95,normal
4610.00,0.2060,0.0500,95,normal
4620.00,0.3467,0.0500,95,normal
4630.00,0.2442,0.0500,95,normal
4640.00,-0.0062,0.0500,95,normal
4650.00,-0.2253,0.0500,95,normal
4660.00,-0.2997,0.0500,95,normal
4670.00,-0.5223,0.0500,95,normal
4680.00,-0.4529,0.0500,95,normal
4690.00,-0.1991,0.0500,95,normal
4700.00,0.2398,0.0500,95,normal
4710.00,0.7237,0.0500,95,normal
4720.00,0.9189,0.0500,95,normal
4730.00,0.6797,0.0500,95,normal
4740.00,0.3210,0.0500,95,normal
4750.00,0.0325,0.0500,95,normal
4760.00,-0.4000,0.0500,95,normal
4770.00,-0.7557,0.0500,95,normal
4780.00,-0.8884,0.0500,95,normal
4790.00,-0.7322,0.0500,95,normal
4800.00,-0.3318,0.0500,95,normal
4810.00,0.2291,0.0500,95,normal
4820.00,0.4534,0.0500,95,normal
4830.00,0.4352,0.0500,95,normal
4840.00,0.3032,0.0500,95,normal
4850.00,0.1673,0.0500,95,normal
4860.00,-0.0118,0.0500,95,normal
4870.00,-0.2237,0.0500,95,normal
4880.00,-0.3707,0.0500,95,normal
4890.00,-0.2420,0.0500,95,normal
4900.00,0.2223,0.0500,95,normal
4910.00,0.5089,0.0500,95,normal
4920.00,0.5908,0.0500,95,normal
4930.00,0.3523,0.0500,95,normal
4940.00,-0.0061,0.0500,95,normal
4950.00,-0.2813,0.0500,95,normal
4960.00,-0.5135,0.0500,95,normal
4970.00,-0.7598,0.0500,95,normal
4980.00,-0.7873,0.0500,95,normal
4990.00,-0.6067,0.0500,95,normal
5000.00,0.1440,0.1500,85,abnormal
5010.00,1.2954,0.1500,85,abnormal
5020.00,0.4429,0.1500,85,abnormal
5030.00,-0.3020,0.1500,85,abnormal
5040.00,0.5183,0.1500,85,abnormal
5050.00,0.7692,0.1500,85,abnormal
5060.00,1.1696,0.1500,85,abnormal
5070.00,1.9529,0.1500,85,abnormal
5080.00,1.2012,0.1500,85,abnormal
5090.00,0.0219,0.1500,85,abnormal
5100.00,1.4371,0.1500,85,abnormal
5110.00,2.6378,0.1500,85,abnormal
5120.00,1.6434,0.1500,85,abnormal
5130.00,0.6759,0.1500,85,abnormal
5140.00,1.2211,0.1500,85,abnormal
5150.00,1.3681,0.1500,85,abnormal
5160.00,1.5946,0.1500,85,abnormal
5170.00,2.1611,0.1500,85,abnormal
5180.00,0.9944,0.1500,85,abnormal
5190.00,-0.1645,0.1500,85,abnormal
5200.00,0.8247,0.1500,85,abnormal
5210.00,1.9125,0.1500,85,abnormal
5220.00,0.6940,0.1500,85,abnormal
5230.00,-0.5156,0.1500,85,abnormal
5240.00,-0.2398,0.1500,85,abnormal
5250.00,0.1155,0.1500,85,abnormal
5260.00,0.1753,0.1500,85,abnormal
5270.00,0.3371,0.1500,85,abnormal
5280.00,-0.8081,0.1500,85,abnormal
5290.00,-2.1015,0.1500,85,abnormal
5300.00,-0.8262,0.1500,85,abnormal
5310.00,0.1780,0.1500,85,abnormal
5320.00,-1.1145,0.1500,85,abnormal
5330.00,-2.0201,0.1500,85,abnormal
5340.00,-1.7850,0.1500,85,abnormal
5350.00,-1.4775,0.1500,85,abnormal
5360.00,-1.1116,0.1500,85,abnormal
5370.00,-0.7210,0.1500,85,abnormal
5380.00,-1.6794,0.1500,85,abnormal
5390.00,-2.6513,0.1500,85,abnormal
5400.00,-1.5571,0.1500,85,abnormal
5410.00,-0.0234,0.1500,85,abnormal
5420.00,-1.0377,0.1500,85,abnormal
5430.00,-1.8539,0.1500,85,abnormal
5440.00,-1.3466,0.1500,85,abnormal
5450.00,-0.9581,0.1500,85,abnormal
5460.00,-0.4253,0.1500,85,abnormal
5470.00,0.1639,0.1500,85,abnormal
5480.00,-0.4759,0.1500,85,abnormal
5490.00,-1.5144,0.1500,85,abnormal
5500.00,-0.1334,0.1500,85,abnormal
5510.00,1.3359,0.1500,85,abnormal
5520.00,0.6033,0.1500,85,abnormal
5530.00,-0.2449,0.1500,85,abnormal
5540.00,0.5333,0.1500,85,abnormal
5550.00,0.7917,0.1500,85,abnormal
5560.00,1.2896,0.1500,85,abnormal
5570.00,1.7954,0.1500,85,abnormal
5580.00,1.0451,0.1500,85,abnormal
5590.00,0.1479,0.1500,85,abnormal
5600.00,1.5481,0.1500,85,abnormal
5610.00,2.6798,0.1500,85,abnormal
5620.00,1.6659,0.1500,85,abnormal
5630.00,0.6234,0.1500,85,abnormal
5640.00,1.2466,0.1500,85,abnormal
5650.00,1.4401,0.1500,85,abnormal
5660.00,1.6396,0.1500,85,abnormal
5670.00,1.8941,0.1500,85,abnormal
5680.00,0.9044,0.1500,85,abnormal
5690.00,-0.1151,0.1500,85,abnormal
5700.00,0.9238,0.1500,85,abnormal
5710.00,1.8330,0.1500,85,abnormal
5720.00,0.6790,0.1500,85,abnormal
5730.00,-0.3656,0.1500,85,abnormal
5740.00,-0.0838,0.1500,85,abnormal
5750.00,-0.0810,0.1500,85,abnormal
5760.00,0.1858,0.1500,85,abnormal
5770.00,0.3745,0.1500,85,abnormal
5780.00,-0.6281,0.1500,85,abnormal
5790.00,-1.9470,0.1500,85,abnormal
5800.00,-0.9297,0.1500,85,abnormal
5810.00,0.3115,0.1500,85,abnormal
5820.00,-0.9194,0.1500,85,abnormal
5830.00,-1.9077,0.1500,85,abnormal
5840.00,-1.7581,0.1500,85,abnormal
5850.00,-1.3231,0.1500,85,abnormal
5860.00,-1.1371,0.1500,85,abnormal
5870.00,-0.6835,0.1500,85,abnormal
5880.00,-1.6749,0.1500,85,abnormal
5890.00,-2.7638,0.1500,85,abnormal
5900.00,-1.4506,0.1500,85,abnormal
5910.00,-0.0894,0.1500,85,abnormal
5920.00,-1.1712,0.1500,85,abnormal
5930.00,-1.8119,0.1500,85,abnormal
5940.00,-1.3751,0.1500,85,abnormal
5950.00,-0.9867,0.1500,85,abnormal
5960.00,-0.4373,0.1500,85,abnormal
5970.00,0.3049,0.1500,85,abnormal
5980.00,-0.6439,0.1500,85,abnormal
5990.00,-1.3104,0.1500,85,abnormal
6000.00,0.0285,0.1500,85,abnormal
6010.00,1.4904,0.1500,85,abnormal
6020.00,0.6708,0.1500,85,abnormal
6030.00,-0.2929,0.1500,85,abnormal
6040.00,0.4778,0.1500,85,abnormal
6050.00,0.8787,0.1500,85,abnormal
6060.00,1.2251,0.1500,85,abnormal
6070.00,1.9198,0.1500,85,abnormal
6080.00,0.9746,0.1500,85,abnormal
6090.00,0.2304,0.1500,85,abnormal
6100.00,1.5136,0.1500,85,abnormal
6110.00,2.6363,0.1500,85,abnormal
6120.00,1.6823,0.1500,85,abnormal
6130.00,0.8724,0.1500,85,abnormal
6140.00,1.2541,0.1500,85,abnormal
6150.00,1.5645,0.1500,85,abnormal
6160.00,1.6980,0.1500,85,abnormal
6170.00,1.8970,0.1500,85,abnormal
6180.00,0.8609,0.1500,85,abnormal
6190.00,-0.2290,0.1500,85,abnormal
6200.00,0.8337,0.1500,85,abnormal
6210.00,1.8915,0.1500,85,abnormal
6220.00,0.8485,0.1500,85,abnormal
6230.00,-0.2726,0.1500,85,abnormal
6240.00,-0.1933,0.1500,85,abnormal
6250.00,-0.0465,0.1500,85,abnormal
6260.00,0.1018,0.1500,85,abnormal
6270.00,0.3475,0.1500,85,abnormal
6280.00,-0.8606,0.1500,85,abnormal
6290.00,-1.9500,0.1500,85,abnormal
6300.00,-1.0017,0.1500,85,abnormal
6310.00,0.0595,0.1500,85,abnormal
6320.00,-1.1190,0.1500,85,abnormal
6330.00,-1.9166,0.1500,85,abnormal
6340.00,-1.7205,0.1500,85,abnormal
6350.00,-1.3831,0.1500,85,abnormal
6360.00,-1.2331,0.1500,85,abnormal
6370.00,-0.7929,0.1500,85,abnormal
6380.00,-1.6824,0.1500,85,abnormal
6390.00,-2.7878,0.1500,85,abnormal
6400.00,-1.4626,0.1500,85,abnormal
6410.00,-0.0728,0.1500,85,abnormal
6420.00,-0.9596,0.1500,85,abnormal
6430.00,-2.0339,0.1500,85,abnormal
6440.00,-1.2041,0.1500,85,abnormal
6450.00,-0.7917,0.1500,85,abnormal
6460.00,-0.4463,0.1500,85,abnormal
6470.00,0.1399,0.1500,85,abnormal
6480.00,-0.4160,0.1500,85,abnormal
6490.00,-1.5099,0.1500,85,abnormal
6500.00,-0.0330,0.1500,85,abnormal
6510.00,1.3089,0.1500,85,abnormal
6520.00,0.5974,0.1500,85,abnormal
6530.00,-0.2450,0.1500,85,abnormal
6540.00,0.3308,0.1500,85,abnormal
6550.00,0.8502,0.1500,85,abnormal
6560.00,1.4412,0.1500,85,abnormal
6570.00,1.8539,0.1500,85,abnormal
6580.00,1.1591,0.1500,85,abnormal
6590.00,0.1779,0.1500,85,abnormal
6600.00,1.5752,0.1500,85,abnormal
6610.00,2.6498,0.1500,85,abnormal
6620.00,1.6179,0.1500,85,abnormal
6630.00,0.8588,0.1500,85,abnormal
6640.00,1.1221,0.1500,85,abnormal
6650.00,1.5301,0.1500,85,abnormal
6660.00,1.5015,0.1500,85,abnormal
6670.00,2.0201,0.1500,85,abnormal
6680.00,0.9284,0.1500,85,abnormal
6690.00,-0.2290,0.1500,85,abnormal
6700.00,0.9642,0.1500,85,abnormal
6710.00,1.8480,0.1500,85,abnormal
6720.00,0.7345,0.1500,85,abnormal
6730.00,-0.3176,0.1500,85,abnormal
6740.00,-0.0733,0.1500,85,abnormal
6750.00,-0.0945,0.1500,85,abnormal
6760.00,0.1558,0.1500,85,abnormal
6770.00,0.3671,0.1500,85,abnormal
6780.00,-0.8080,0.1500,85,abnormal
6790.00,-1.9740,0.1500,85,abnormal
6800.00,-0.9927,0.1500,85,abnormal
6810.00,0.3551,0.1500,85,abnormal
6820.00,-1.1175,0.1500,85,abnormal
6830.00,-1.9211,0.1500,85,abnormal
6840.00,-1.5811,0.1500,85,abnormal
6850.00,-1.3545,0.1500,85,abnormal
6860.00,-1.1401,0.1500,85,abnormal
6870.00,-0.6354,0.1500,85,abnormal
6880.00,-1.5549,0.1500,85,abnormal
6890.00,-2.7758,0.1500,85,abnormal
6900.00,-1.4730,0.1500,85,abnormal
6910.00,-0.1839,0.1500,85,abnormal
6920.00,-1.2372,0.1500,85,abnormal
6930.00,-1.8389,0.1500,85,abnormal
6940.00,-1.1996,0.1500,85,abnormal
6950.00,-0.9611,0.1500,85,abnormal
6960.00,-0.3368,0.1500,85,abnormal
6970.00,0.2089,0.1500,85,abnormal
6980.00,-0.4444,0.1500,85,abnormal
6990.00,-1.5564,0.1500,85,abnormal
7000.00,-0.0540,0.1500,85,abnormal
7010.00,1.2849,0.1500,85,abnormal
7020.00,0.5733,0.1500,85,abnormal
7030.00,-0.1655,0.1500,85,abnormal
7040.00,0.3488,0.1500,85,abnormal
7050.00,0.8157,0.1500,85,abnormal
7060.00,1.2416,0.1500,85,abnormal
7070.00,2.0429,0.1500,85,abnormal
7080.00,1.1457,0.1500,85,abnormal
7090.00,0.2679,0.1500,85,abnormal
7100.00,1.3247,0.1500,85,abnormal
7110.00,2.6318,0.1500,85,abnormal
7120.00,1.6703,0.1500,85,abnormal
7130.00,0.6294,0.1500,85,abnormal
7140.00,1.3336,0.1500,85,abnormal
7150.00,1.3381,0.1500,85,abnormal
7160.00,1.6156,0.1500,85,abnormal
7170.00,1.9421,0.1500,85,abnormal
7180.00,0.9344,0.1500,85,abnormal
7190.00,-0.1391,0.1500,85,abnormal
7200.00,0.9162,0.1500,85,abnormal
7210.00,2.0100,0.1500,85,abnormal
7220.00,0.7240,0.1500,85,abnormal
7230.00,-0.4766,0.1500,85,abnormal
7240.00,-0.1408,0.1500,85,abnormal
7250.00,-0.1184,0.1500,85,abnormal
7260.00,0.1723,0.1500,85,abnormal
7270.00,0.3086,0.1500,85,abnormal
7280.00,-0.6715,0.1500,85,abnormal
7290.00,-2.0130,0.1500,85,abnormal
7300.00,-0.8171,0.1500,85,abnormal
7310.00,0.2111,0.1500,85,abnormal
7320.00,-0.9195,0.1500,85,abnormal
7330.00,-2.1326,0.1500,85,abnormal
7340.00,-1.6531,0.1500,85,abnormal
7350.00,-1.5436,0.1500,85,abnormal
7360.00,-1.2271,0.1500,85,abnormal
7370.00,-0.6129,0.1500,85,abnormal
7380.00,-1.5369,0.1500,85,abnormal
7390.00,-2.7893,0.1500,85,abnormal
7400.00,-1.3501,0.1500,85,abnormal
7410.00,0.0232,0.1500,85,abnormal
7420.00,-1.0901,0.1500,85,abnormal
7430.00,-2.0189,0.1500,85,abnormal
7440.00,-1.2311,0.1500,85,abnormal
7450.00,-0.7361,0.1500,85,abnormal
7460.00,-0.4673,0.1500,85,abnormal
7470.00,0.0814,0.1500,85,abnormal
7480.00,-0.5434,0.1500,85,abnormal
7490.00,-1.4154,0.1500,85,abnormal
7500.00,0.1380,0.1500,85,abnormal
7510.00,1.4709,0.1500,85,abnormal
7520.00,0.4683,0.1500,85,abnormal
7530.00,-0.0829,0.1500,85,abnormal
7540.00,0.5258,0.1500,85,abnormal
7550.00,0.9297,0.1500,85,abnormal
7560.00,1.3556,0.1500,85,abnormal
7570.00,1.9199,0.1500,85,abnormal
7580.00,1.0286,0.1500,85,abnormal
7590.00,0.2544,0.1500,85,abnormal
7600.00,1.3936,0.1500,85,abnormal
7610.00,2.6003,0.1500,85,abnormal
7620.00,1.6253,0.1500,85,abnormal
7630.00,0.6729,0.1500,85,abnormal
7640.00,1.3156,0.1500,85,abnormal
7650.00,1.4881,0.1500,85,abnormal
7660.00,1.6111,0.1500,85,abnormal
7670.00,1.9181,0.1500,85,abnormal
7680.00,1.0124,0.1500,85,abnormal
7690.00,-0.1285,0.1500,85,abnormal
7700.00,1.0107,0.1500,85,abnormal
7710.00,2.0760,0.1500,85,abnormal
7720.00,0.8034,0.1500,85,abnormal
7730.00,-0.4631,0.1500,85,abnormal
7740.00,-0.0733,0.1500,85,abnormal
7750.00,-0.1020,0.1500,85,abnormal
7760.00,0.0568,0.1500,85,abnormal
7770.00,0.3535,0.1500,85,abnormal
7780.00,-0.7826,0.1500,85,abnormal
7790.00,-2.0520,0.1500,85,abnormal
7800.00,-0.9311,0.1500,85,abnormal
7810.00,0.2380,0.1500,85,abnormal
7820.00,-1.1145,0.1500,85,abnormal
7830.00,-2.1101,0.1500,85,abnormal
7840.00,-1.6575,0.1500,85,abnormal
7850.00,-1.2916,0.1500,85,abnormal
7860.00,-1.2046,0.1500,85,abnormal
7870.00,-0.7255,0.1500,85,abnormal
7880.00,-1.5864,0.1500,85,abnormal
7890.00,-2.7848,0.1500,85,abnormal
7900.00,-1.5241,0.1500,85,abnormal
7910.00,-0.2154,0.1500,85,abnormal
7920.00,-1.1997,0.1500,85,abnormal
7930.00,-1.8194,0.1500,85,abnormal
7940.00,-1.2296,0.1500,85,abnormal
7950.00,-0.9402,0.1500,85,abnormal
7960.00,-0.5468,0.1500,85,abnormal
7970.00,0.2044,0.1500,85,abnormal
7980.00,-0.6364,0.1500,85,abnormal
7990.00,-1.4649,0.1500,85,abnormal
8000.00,-0.0780,0.1500,85,abnormal
8010.00,1.4919,0.1500,85,abnormal
8020.00,0.5119,0.1500,85,abnormal
8030.00,-0.1235,0.1500,85,abnormal
8040.00,0.4643,0.1500,85,abnormal
8050.00,0.9387,0.1500,85,abnormal
8060.00,1.3932,0.1500,85,abnormal
8070.00,1.8929,0.1500,85,abnormal
8080.00,1.1651,0.1500,85,abnormal
8090.00,0.0474,0.1500,85,abnormal
8100.00,1.4716,0.1500,85,abnormal
8110.00,2.7293,0.1500,85,abnormal
8120.00,1.7214,0.1500,85,abnormal
8130.00,0.7974,0.1500,85,abnormal
8140.00,1.1191,0.1500,85,abnormal
8150.00,1.5527,0.1500,85,abnormal
8160.00,1.6891,0.1500,85,abnormal
8170.00,1.8896,0.1500,85,abnormal
8180.00,1.0064,0.1500,85,abnormal
8190.00,-0.3250,0.1500,85,abnormal
8200.00,1.0152,0.1500,85,abnormal
8210.00,1.9950,0.1500,85,abnormal
8220.00,0.7825,0.1500,85,abnormal
8230.00,-0.3176,0.1500,85,abnormal
8240.00,-0.0373,0.1500,85,abnormal
8250.00,-0.0030,0.1500,85,abnormal
8260.00,0.1978,0.1500,85,abnormal
8270.00,0.3236,0.1500,85,abnormal
8280.00,-0.7751,0.1500,85,abnormal
8290.00,-1.8630,0.1500,85,abnormal
8300.00,-1.0286,0.1500,85,abnormal
8310.00,0.1601,0.1500,85,abnormal
8320.00,-1.1114,0.1500,85,abnormal
8330.00,-2.1701,0.1500,85,abnormal
8340.00,-1.6935,0.1500,85,abnormal
8350.00,-1.5615,0.1500,85,abnormal
8360.00,-1.3201,0.1500,85,abnormal
8370.00,-0.6714,0.1500,85,abnormal
8380.00,-1.7334,0.1500,85,abnormal
8390.00,-2.6558,0.1500,85,abnormal
8400.00,-1.3651,0.1500,85,abnormal
8410.00,-0.2573,0.1500,85,abnormal
8420.00,-1.2282,0.1500,85,abnormal
8430.00,-1.9259,0.1500,85,abnormal
8440.00,-1.2296,0.1500,85,abnormal
8450.00,-0.8531,0.1500,85,abnormal
8460.00,-0.5408,0.1500,85,abnormal
8470.00,0.3154,0.1500,85,abnormal
8480.00,-0.6214,0.1500,85,abnormal
8490.00,-1.4919,0.1500,85,abnormal
8500.00,0.0120,0.1500,85,abnormal
8510.00,1.4964,0.1500,85,abnormal
8520.00,0.6483,0.1500,85,abnormal
8530.00,-0.2885,0.1500,85,abnormal
8540.00,0.5168,0.1500,85,abnormal
8550.00,0.8848,0.1500,85,abnormal
8560.00,1.3197,0.1500,85,abnormal
8570.00,1.9634,0.1500,85,abnormal
8580.00,1.1592,0.1500,85,abnormal
8590.00,0.0144,0.1500,85,abnormal
8600.00,1.4506,0.1500,85,abnormal
8610.00,2.7173,0.1500,85,abnormal
8620.00,1.5803,0.1500,85,abnormal
8630.00,0.8573,0.1500,85,abnormal
8640.00,1.1776,0.1500,85,abnormal
8650.00,1.4836,0.1500,85,abnormal
8660.00,1.7656,0.1500,85,abnormal
8670.00,1.9451,0.1500,85,abnormal
8680.00,0.9329,0.1500,85,abnormal
8690.00,-0.1901,0.1500,85,abnormal
8700.00,0.9147,0.1500,85,abnormal
8710.00,2.0070,0.1500,85,abnormal
8720.00,0.7870,0.1500,85,abnormal
8730.00,-0.3776,0.1500,85,abnormal
8740.00,-0.1573,0.1500,85,abnormal
8750.00,-0.1350,0.1500,85,abnormal
8760.00,0.0043,0.1500,85,abnormal
8770.00,0.4780,0.1500,85,abnormal
8780.00,-0.6685,0.1500,85,abnormal
8790.00,-1.8375,0.1500,85,abnormal
8800.00,-1.0317,0.1500,85,abnormal
8810.00,0.0986,0.1500,85,abnormal
8820.00,-1.0455,0.1500,85,abnormal
8830.00,-1.9182,0.1500,85,abnormal
8840.00,-1.7370,0.1500,85,abnormal
8850.00,-1.3980,0.1500,85,abnormal
8860.00,-1.1491,0.1500,85,abnormal
8870.00,-0.8769,0.1500,85,abnormal
8880.00,-1.6239,0.1500,85,abnormal
8890.00,-2.8058,0.1500,85,abnormal
8900.00,-1.3546,0.1500,85,abnormal
8910.00,-0.1524,0.1500,85,abnormal
8920.00,-1.1652,0.1500,85,abnormal
8930.00,-1.8419,0.1500,85,abnormal
8940.00,-1.3301,0.1500,85,abnormal
8950.00,-0.8036,0.1500,85,abnormal
8960.00,-0.5183,0.1500,85,abnormal
8970.00,0.3574,0.1500,85,abnormal
8980.00,-0.4009,0.1500,85,abnormal
8990.00,-1.4619,0.1500,85,abnormal
9000.00,0.0930,0.1500,85,abnormal
9010.00,1.5069,0.1500,85,abnormal
9020.00,0.6769,0.1500,85,abnormal
9030.00,-0.0680,0.1500,85,abnormal
9040.00,0.4988,0.1500,85,abnormal
9050.00,1.0272,0.1500,85,abnormal
9060.00,1.1652,0.1500,85,abnormal
9070.00,1.7789,0.1500,85,abnormal
9080.00,1.0286,0.1500,85,abnormal
9090.00,0.0924,0.1500,85,abnormal
9100.00,1.4536,0.1500,85,abnormal
9110.00,2.8043,0.1500,85,abnormal
9120.00,1.5639,0.1500,85,abnormal
9130.00,0.6985,0.1500,85,abnormal
9140.00,1.2466,0.1500,85,abnormal
9150.00,1.5106,0.1500,85,abnormal
9160.00,1.7581,0.1500,85,abnormal
9170.00,1.9915,0.1500,85,abnormal
9180.00,1.1039,0.1500,85,abnormal
9190.00,-0.1871,0.1500,85,abnormal
9200.00,0.8532,0.1500,85,abnormal
9210.00,1.9830,0.1500,85,abnormal
9220.00,0.7886,0.1500,85,abnormal
9230.00,-0.4376,0.1500,85,abnormal
9240.00,-0.1423,0.1500,85,abnormal
9250.00,0.0541,0.1500,85,abnormal
9260.00,0.2398,0.1500,85,abnormal
9270.00,0.3026,0.1500,85,abnormal
9280.00,-0.8186,0.1500,85,abnormal
9290.00,-2.0955,0.1500,85,abnormal
9300.00,-0.9581,0.1500,85,abnormal
9310.00,0.3175,0.1500,85,abnormal
9320.00,-1.0844,0.1500,85,abnormal
9330.00,-1.9466,0.1500,85,abnormal
9340.00,-1.5915,0.1500,85,abnormal
9350.00,-1.4775,0.1500,85,abnormal
9360.00,-1.2166,0.1500,85,abnormal
9370.00,-0.6985,0.1500,85,abnormal
9380.00,-1.7589,0.1500,85,abnormal
9390.00,-2.5748,0.1500,85,abnormal
9400.00,-1.4100,0.1500,85,abnormal
9410.00,-0.1344,0.1500,85,abnormal
9420.00,-1.0301,0.1500,85,abnormal
9430.00,-1.8629,0.1500,85,abnormal
9440.00,-1.3901,0.1500,85,abnormal
9450.00,-0.8546,0.1500,85,abnormal
9460.00,-0.5213,0.1500,85,abnormal
9470.00,0.2809,0.1500,85,abnormal
9480.00,-0.5929,0.1500,85,abnormal
9490.00,-1.5654,0.1500,85,abnormal
9500.00,0.1006,0.1500,85,abnormal
9510.00,1.5369,0.1500,85,abnormal
9520.00,0.6349,0.1500,85,abnormal
9530.00,-0.0934,0.1500,85,abnormal
9540.00,0.4823,0.1500,85,abnormal
9550.00,0.7378,0.1500,85,abnormal
9560.00,1.1951,0.1500,85,abnormal
9570.00,1.9783,0.1500,85,abnormal
9580.00,1.0421,0.1500,85,abnormal
9590.00,0.2379,0.1500,85,abnormal
9600.00,1.3636,0.1500,85,abnormal
9610.00,2.6543,0.1500,85,abnormal
9620.00,1.6719,0.1500,85,abnormal
9630.00,0.7974,0.1500,85,abnormal
9640.00,1.1641,0.1500,85,abnormal
9650.00,1.3847,0.1500,85,abnormal
9660.00,1.5901,0.1500,85,abnormal
9670.00,2.0860,0.1500,85,abnormal
9680.00,0.8354,0.1500,85,abnormal
9690.00,-0.2605,0.1500,85,abnormal
9700.00,0.9132,0.1500,85,abnormal
9710.00,2.0520,0.1500,85,abnormal
9720.00,0.6325,0.1500,85,abnormal
9730.00,-0.2771,0.1500,85,abnormal
9740.00,-0.1423,0.1500,85,abnormal
9750.00,-0.0045,0.1500,85,abnormal
9760.00,0.2248,0.1500,85,abnormal
9770.00,0.3266,0.1500,85,abnormal
9780.00,-0.7556,0.1500,85,abnormal
9790.00,-1.9575,0.1500,85,abnormal
9800.00,-1.0016,0.1500,85,abnormal
9810.00,0.3055,0.1500,85,abnormal
9820.00,-0.9464,0.1500,85,abnormal
9830.00,-2.0471,0.1500,85,abnormal
9840.00,-1.7116,0.1500,85,abnormal
9850.00,-1.4401,0.1500,85,abnormal
9860.00,-1.1701,0.1500,85,abnormal
9870.00,-0.6100,0.1500,85,abnormal
9880.00,-1.6734,0.1500,85,abnormal
9890.00,-2.5658,0.1500,85,abnormal
9900.00,-1.4700,0.1500,85,abnormal
9910.00,-0.1433,0.1500,85,abnormal
9920.00,-1.2162,0.1500,85,abnormal
9930.00,-1.8404,0.1500,85,abnormal
9940.00,-1.3316,0.1500,85,abnormal
9950.00,-0.7707,0.1500,85,abnormal
9960.00,-0.5858,0.1500,85,abnormal
9970.00,0.0934,0.1500,85,abnormal
9980.00,-0.5839,0.1500,85,abnormal
9990.00,-1.3779,0.1500,85,abnormal
10000.00,-0.0410,0.0500,95,normal
10010.00,0.5952,0.0500,95,normal
10020.00,0.8198,0.0500,95,normal
10030.00,0.8083,0.0500,95,normal
10040.00,0.5870,0.0500,95,normal
10050.00,0.3323,0.0500,95,normal
10060.00,0.0226,0.0500,95,normal
10070.00,-0.3258,0.0500,95,normal
10080.00,-0.5723,0.0500,95,normal
10090.00,-0.5184,0.0500,95,normal
10100.00,-0.2218,0.0500,95,normal
10110.00,0.1470,0.0500,95,normal
10120.00,0.3622,0.0500,95,normal
10130.00,0.1927,0.0500,95,normal
10140.00,0.0253,0.0500,95,normal
10150.00,-0.1438,0.0500,95,normal
10160.00,-0.2927,0.0500,95,normal
10170.00,-0.4993,0.0500,95,normal
10180.00,-0.4489,0.0500,95,normal
10190.00,-0.1951,0.0500,95,normal
10200.00,0.2709,0.0500,95,normal
10210.00,0.7002,0.0500,95,normal
10220.00,0.8704,0.0500,95,normal
10230.00,0.6762,0.0500,95,normal
10240.00,0.3945,0.0500,95,normal
10250.00,0.0045,0.0500,95,normal
10260.00,-0.3360,0.0500,95,normal
10270.00,-0.7192,0.0500,95,normal
10280.00,-0.8749,0.0500,95,normal
10290.00,-0.7932,0.0500,95,normal
10300.00,-0.2358,0.0500,95,normal
10310.00,0.2436,0.0500,95,normal
10320.00,0.4509,0.0500,95,normal
10330.00,0.4968,0.0500,95,normal
10340.00,0.3347,0.0500,95,normal
10350.00,0.1958,0.0500,95,normal
10360.00,-0.0483,0.0500,95,normal
10370.00,-0.1787,0.0500,95,normal
10380.00,-0.3527,0.0500,95,normal
10390.00,-0.1695,0.0500,95,normal
10400.00,0.2184,0.0500,95,normal
10410.00,0.4799,0.0500,95,normal
10420.00,0.5653,0.0500,95,normal
10430.00,0.4083,0.0500,95,normal
10440.00,-0.0096,0.0500,95,normal
10450.00,-0.2393,0.0500,95,normal
10460.00,-0.5545,0.0500,95,normal
10470.00,-0.8028,0.0500,95,normal
10480.00,-0.7903,0.0500,95,normal
10490.00,-0.5692,0.0500,95,normal
10500.00,-0.0240,0.0500,95,normal
10510.00,0.5377,0.0500,95,normal
10520.00,0.8408,0.0500,95,normal
10530.00,0.7483,0.0500,95,normal
10540.00,0.5495,0.0500,95,normal
10550.00,0.2658,0.0500,95,normal
10560.00,-0.0114,0.0500,95,normal
10570.00,-0.3653,0.0500,95,normal
10580.00,-0.5538,0.0500,95,normal
10590.00,-0.4873,0.0500,95,normal
10600.00,-0.1863,0.0500,95,normal
10610.00,0.1680,0.0500,95,normal
10620.00,0.2882,0.0500,95,normal
10630.00,0.1942,0.0500,95,normal
10640.00,0.0468,0.0500,95,normal
10650.00,-0.1618,0.0500,95,normal
10660.00,-0.3277,0.0500,95,normal
10670.00,-0.4568,0.0500,95,normal
10680.00,-0.4589,0.0500,95,normal
10690.00,-0.2256,0.0500,95,normal
10700.00,0.3274,0.0500,95,normal
10710.00,0.7172,0.0500,95,normal
10720.00,0.9264,0.0500,95,normal
10730.00,0.7597,0.0500,95,normal
10740.00,0.3495,0.0500,95,normal
10750.00,-0.0350,0.0500,95,normal
10760.00,-0.3820,0.0500,95,normal
10770.00,-0.7122,0.0500,95,normal
10780.00,-0.8754,0.0500,95,normal
10790.00,-0.7422,0.0500,95,normal
10800.00,-0.2848,0.0500,95,normal
10810.00,0.1992,0.0500,95,normal
10820.00,0.5159,0.0500,95,normal
10830.00,0.4352,0.0500,95,normal
10840.00,0.3192,0.0500,95,normal
10850.00,0.2233,0.0500,95,normal
10860.00,0.0007,0.0500,95,normal
10870.00,-0.1742,0.0500,95,normal
10880.00,-0.2892,0.0500,95,normal
10890.00,-0.2389,0.0500,95,normal
10900.00,0.1614,0.0500,95,normal
10910.00,0.4849,0.0500,95,normal
10920.00,0.5813,0.0500,95,normal
10930.00,0.3863,0.0500,95,normal
10940.00,0.0239,0.0500,95,normal
10950.00,-0.3133,0.0500,95,normal
10960.00,-0.5260,0.0500,95,normal
10970.00,-0.7498,0.0500,95,normal
10980.00,-0.8738,0.0500,95,normal
10990.00,-0.5957,0.0500,95,normal
11000.00,-0.0284,0.0500,95,normal
11010.00,0.5637,0.0500,95,normal
11020.00,0.8268,0.0500,95,normal
11030.00,0.7658,0.0500,95,normal
11040.00,0.5660,0.0500,95,normal
11050.00,0.3088,0.0500,95,normal
11060.00,-0.0444,0.0500,95,normal
11070.00,-0.3698,0.0500,95,normal
11080.00,-0.6218,0.0500,95,normal
11090.00,-0.5519,0.0500,95,normal
11100.00,-0.1728,0.0500,95,normal
11110.00,0.1820,0.0500,95,normal
11120.00,0.3052,0.0500,95,normal
11130.00,0.2132,0.0500,95,normal
11140.00,0.0442,0.0500,95,normal
11150.00,-0.1494,0.0500,95,normal
11160.00,-0.3617,0.0500,95,normal
11170.00,-0.4987,0.0500,95,normal
11180.00,-0.4844,0.0500,95,normal
11190.00,-0.2431,0.0500,95,normal
11200.00,0.3309,0.0500,95,normal
11210.00,0.7957,0.0500,95,normal
11220.00,0.8849,0.0500,95,normal
11230.00,0.7162,0.0500,95,normal
11240.00,0.3655,0.0500,95,normal
11250.00,-0.0170,0.0500,95,normal
11260.00,-0.4115,0.0500,95,normal
11270.00,-0.6737,0.0500,95,normal
11280.00,-0.8844,0.0500,95,normal
11290.00,-0.7762,0.0500,95,normal
11300.00,-0.2628,0.0500,95,normal
11310.00,0.2396,0.0500,95,normal
11320.00,0.5094,0.0500,95,normal
11330.00,0.4677,0.0500,95,normal
11340.00,0.3517,0.0500,95,normal
11350.00,0.1928,0.0500,95,normal
11360.00,0.0322,0.0500,95,normal
11370.00,-0.2562,0.0500,95,normal
11380.00,-0.3757,0.0500,95,normal
11390.00,-0.1915,0.0500,95,normal
11400.00,0.1294,0.0500,95,normal
11410.00,0.5574,0.0500,95,normal
11420.00,0.6363,0.0500,95,normal
11430.00,0.3468,0.0500,95,normal
11440.00,0.0404,0.0500,95,normal
11450.00,-0.2628,0.0500,95,normal
11460.00,-0.6020,0.0500,95,normal
11470.00,-0.7948,0.0500,95,normal
11480.00,-0.8033,0.0500,95,normal
11490.00,-0.5887,0.0500,95,normal
11500.00,-0.0395,0.0500,95,normal
11510.00,0.5703,0.0500,95,normal
11520.00,0.8028,0.0500,95,normal
11530.00,0.7388,0.0500,95,normal
11540.00,0.5824,0.0500,95,normal
11550.00,0.2413,0.0500,95,normal
11560.00,0.0176,0.0500,95,normal
11570.00,-0.3958,0.0500,95,normal
11580.00,-0.6153,0.0500,95,normal
11590.00,-0.5509,0.0500,95,normal
11600.00,-0.1368,0.0500,95,normal
11610.00,0.1855,0.0500,95,normal
11620.00,0.3612,0.0500,95,normal
11630.00,0.1682,0.0500,95,normal
11640.00,-0.0257,0.0500,95,normal
11650.00,-0.2239,0.0500,95,normal
11660.00,-0.3607,0.0500,95,normal
11670.00,-0.4428,0.0500,95,normal
11680.00,-0.4429,0.0500,95,normal
11690.00,-0.1916,0.0500,95,normal
11700.00,0.3218,0.0500,95,normal
11710.00,0.7392,0.0500,95,normal
11720.00,0.9324,0.0500,95,normal
11730.00,0.7067,0.0500,95,normal
11740.00,0.3305,0.0500,95,normal
11750.00,0.0290,0.0500,95,normal
11760.00,-0.3905,0.0500,95,normal
11770.00,-0.7007,0.0500,95,normal
11780.00,-0.9254,0.0500,95,normal
11790.00,-0.7957,0.0500,95,normal
11800.00,-0.3043,0.0500,95,normal
11810.00,0.2491,0.0500,95,normal
11820.00,0.4764,0.0500,95,normal
11830.00,0.4862,0.0500,95,normal
11840.00,0.2922,0.0500,95,normal
11850.00,0.1953,0.0500,95,normal
11860.00,-0.0428,0.0500,95,normal
11870.00,-0.2317,0.0500,95,normal
11880.00,-0.2942,0.0500,95,normal
11890.00,-0.2120,0.0500,95,normal
11900.00,0.1568,0.0500,95,normal
11910.00,0.4854,0.0500,95,normal
11920.00,0.6213,0.0500,95,normal
11930.00,0.4088,0.0500,95,normal
11940.00,0.0024,0.0500,95,normal
11950.00,-0.2368,0.0500,95,normal
11960.00,-0.6050,0.0500,95,normal
11970.00,-0.7563,0.0500,95,normal
11980.00,-0.8233,0.0500,95,normal
11990.00,-0.5267,0.0500,95,normal
12000.00,0.0115,0.0500,95,normal
12010.00,0.5352,0.0500,95,normal
12020.00,0.8823,0.0500,95,normal
12030.00,0.8238,0.0500,95,normal
12040.00,0.5680,0.0500,95,normal
12050.00,0.3163,0.0500,95,normal
12060.00,0.0151,0.0500,95,normal
12070.00,-0.3393,0.0500,95,normal
12080.00,-0.6068,0.0500,95,normal
12090.00,-0.5464,0.0500,95,normal
12100.00,-0.1563,0.0500,95,normal
12110.00,0.1885,0.0500,95,normal
12120.00,0.3182,0.0500,95,normal
12130.00,0.2186,0.0500,95,normal
12140.00,-0.0188,0.0500,95,normal
12150.00,-0.1883,0.0500,95,normal
12160.00,-0.3257,0.0500,95,normal
12170.00,-0.4598,0.0500,95,normal
12180.00,-0.5284,0.0500,95,normal
12190.00,-0.2081,0.0500,95,normal
12200.00,0.2998,0.0500,95,normal
12210.00,0.7412,0.0500,95,normal
12220.00,0.9139,0.0500,95,normal
12230.00,0.6757,0.0500,95,normal
12240.00,0.3370,0.0500,95,normal
12250.00,-0.0245,0.0500,95,normal
12260.00,-0.4170,0.0500,95,normal
12270.00,-0.6722,0.0500,95,normal
12280.00,-0.9454,0.0500,95,normal
12290.00,-0.7232,0.0500,95,normal
12300.00,-0.3013,0.0500,95,normal
12310.00,0.1936,0.0500,95,normal
12320.00,0.4934,0.0500,95,normal
12330.00,0.5017,0.0500,95,normal
12340.00,0.3691,0.0500,95,normal
12350.00,0.1548,0.0500,95,normal
12360.00,-0.0213,0.0500,95,normal
12370.00,-0.2372,0.0500,95,normal
12380.00,-0.3652,0.0500,95,normal
12390.00,-0.1665,0.0500,95,normal
12400.00,0.1408,0.0500,95,normal
12410.00,0.4779,0.0500,95,normal
12420.00,0.5433,0.0500,95,normal
12430.00,0.3193,0.0500,95,normal
12440.00,-0.0201,0.0500,95,normal
12450.00,-0.2908,0.0500,95,normal
12460.00,-0.5490,0.0500,95,normal
12470.00,-0.7363,0.0500,95,normal
12480.00,-0.8513,0.0500,95,normal
12490.00,-0.5437,0.0500,95,normal
12500.00,0.0350,0.0500,95,normal
12510.00,0.5107,0.0500,95,normal
12520.00,0.8448,0.0500,95,normal
12530.00,0.7503,0.0500,95,normal
12540.00,0.5714,0.0500,95,normal
12550.00,0.2703,0.0500,95,normal
12560.00,0.0201,0.0500,95,normal
12570.00,-0.3783,0.0500,95,normal
12580.00,-0.5648,0.0500,95,normal
12590.00,-0.5009,0.0500,95,normal
12600.00,-0.2063,0.0500,95,normal
12610.00,0.1925,0.0500,95,normal
12620.00,0.3562,0.0500,95,normal
12630.00,0.2322,0.0500,95,normal
12640.00,-0.0343,0.0500,95,normal
12650.00,-0.2174,0.0500,95,normal
12660.00,-0.3782,0.0500,95,normal
12670.00,-0.4278,0.0500,95,normal
12680.00,-0.5124,0.0500,95,normal
12690.00,-0.1791,0.0500,95,normal
12700.00,0.2928,0.0500,95,normal
12710.00,0.7512,0.0500,95,normal
12720.00,0.9269,0.0500,95,normal
12730.00,0.7047,0.0500,95,normal
12740.00,0.3850,0.0500,95,normal
12750.00,0.0455,0.0500,95,normal
12760.00,-0.3930,0.0500,95,normal
12770.00,-0.7357,0.0500,95,normal
12780.00,-0.9224,0.0500,95,normal
12790.00,-0.7122,0.0500,95,normal
12800.00,-0.2788,0.0500,95,normal
12810.00,0.2411,0.0500,95,normal
12820.00,0.4769,0.0500,95,normal
12830.00,0.4897,0.0500,95,normal
12840.00,0.3657,0.0500,95,normal
12850.00,0.1363,0.0500,95,normal
12860.00,-0.0058,0.0500,95,normal
12870.00,-0.1727,0.0500,95,normal
12880.00,-0.3707,0.0500,95,normal
12890.00,-0.1569,0.0500,95,normal
12900.00,0.2144,0.0500,95,normal
12910.00,0.5209,0.0500,95,normal
12920.00,0.5793,0.0500,95,normal
12930.00,0.3193,0.0500,95,normal
12940.00,-0.0166,0.0500,95,normal
12950.00,-0.3253,0.0500,95,normal
12960.00,-0.5340,0.0500,95,normal
12970.00,-0.7338,0.0500,95,normal
12980.00,-0.7893,0.0500,95,normal
12990.00,-0.5232,0.0500,95,normal
13000.00,-0.0349,0.0500,95,normal
13010.00,0.5332,0.0500,95,normal
13020.00,0.8153,0.0500,95,normal
13030.00,0.7718,0.0500,95,normal
13040.00,0.6005,0.0500,95,normal
13050.00,0.2653,0.0500,95,normal
13060.00,-0.0689,0.0500,95,normal
13070.00,-0.3814,0.0500,95,normal
13080.00,-0.6033,0.0500,95,normal
13090.00,-0.5259,0.0500,95,normal
13100.00,-0.1568,0.0500,95,normal
13110.00,0.1900,0.0500,95,normal
13120.00,0.3797,0.0500,95,normal
13130.00,0.2352,0.0500,95,normal
13140.00,0.0148,0.0500,95,normal
13150.00,-0.1888,0.0500,95,normal
13160.00,-0.2952,0.0500,95,normal
13170.00,-0.4308,0.0500,95,normal
13180.00,-0.5064,0.0500,95,normal
13190.00,-0.2046,0.0500,95,normal
13200.00,0.2743,0.0500,95,normal
13210.00,0.7852,0.0500,95,normal
13220.00,0.9119,0.0500,95,normal
13230.00,0.7237,0.0500,95,normal
13240.00,0.3835,0.0500,95,normal
13250.00,0.0390,0.0500,95,normal
13260.00,-0.3375,0.0500,95,normal
13270.00,-0.6927,0.0500,95,normal
13280.00,-0.9324,0.0500,95,normal
13290.00,-0.7971,0.0500,95,normal
13300.00,-0.2393,0.0500,95,normal
13310.00,0.1701,0.0500,95,normal
13320.00,0.4804,0.0500,95,normal
13330.00,0.4692,0.0500,95,normal
13340.00,0.2822,0.0500,95,normal
13350.00,0.2098,0.0500,95,normal
13360.00,-0.0273,0.0500,95,normal
13370.00,-0.1742,0.0500,95,normal
13380.00,-0.3517,0.0500,95,normal
13390.00,-0.2330,0.0500,95,normal
13400.00,0.1444,0.0500,95,normal
13410.00,0.5329,0.0500,95,normal
13420.00,0.5648,0.0500,95,normal
13430.00,0.3413,0.0500,95,normal
13440.00,0.0679,0.0500,95,normal
13450.00,-0.3288,0.0500,95,normal
13460.00,-0.5230,0.0500,95,normal
13470.00,-0.8188,0.0500,95,normal
13480.00,-0.8348,0.0500,95,normal
13490.00,-0.5937,0.0500,95,normal
13500.00,0.0085,0.0500,95,normal
13510.00,0.5932,0.0500,95,normal
13520.00,0.8773,0.0500,95,normal
13530.00,0.8068,0.0500,95,normal
13540.00,0.5910,0.0500,95,normal
13550.00,0.2793,0.0500,95,normal
13560.00,-0.0139,0.0500,95,normal
13570.00,-0.3578,0.0500,95,normal
13580.00,-0.6333,0.0500,95,normal
13590.00,-0.5518,0.0500,95,normal
13600.00,-0.1913,0.0500,95,normal
13610.00,0.2350,0.0500,95,normal
13620.00,0.2917,0.0500,95,normal
13630.00,0.2227,0.0500,95,normal
13640.00,0.0393,0.0500,95,normal
13650.00,-0.1713,0.0500,95,normal
13660.00,-0.3217,0.0500,95,normal
13670.00,-0.4698,0.0500,95,normal
13680.00,-0.4794,0.0500,95,normal
13690.00,-0.2556,0.0500,95,normal
13700.00,0.3054,0.0500,95,normal
13710.00,0.7587,0.0500,95,normal
13720.00,0.9404,0.0500,95,normal
13730.00,0.7597,0.0500,95,normal
13740.00,0.3900,0.0500,95,normal
13750.00,0.0475,0.0500,95,normal
13760.00,-0.4090,0.0500,95,normal
13770.00,-0.6752,0.0500,95,normal
13780.00,-0.8934,0.0500,95,normal
13790.00,-0.7322,0.0500,95,normal
13800.00,-0.2513,0.0500,95,normal
13810.00,0.1682,0.0500,95,normal
13820.00,0.5189,0.0500,95,normal
13830.00,0.4363,0.0500,95,normal
13840.00,0.3337,0.0500,95,normal
13850.00,0.1763,0.0500,95,normal
13860.00,0.0132,0.0500,95,normal
13870.00,-0.2322,0.0500,95,normal
13880.00,-0.3147,0.0500,95,normal
13890.00,-0.1950,0.0500,95,normal
13900.00,0.1699,0.0500,95,normal
13910.00,0.5074,0.0500,95,normal
13920.00,0.6063,0.0500,95,normal
13930.00,0.3308,0.0500,95,normal
13940.00,0.0069,0.0500,95,normal
13950.00,-0.3028,0.0500,95,normal
13960.00,-0.5185,0.0500,95,normal
13970.00,-0.7513,0.0500,95,normal
13980.00,-0.7953,0.0500,95,normal
13990.00,-0.5227,0.0500,95,normal
14000.00,-0.0420,0.0500,95,normal
14010.00,0.5917,0.0500,95,normal
14020.00,0.8343,0.0500,95,normal
14030.00,0.8073,0.0500,95,normal
14040.00,0.5200,0.0500,95,normal
14050.00,0.2818,0.0500,95,normal
14060.00,-0.0399,0.0500,95,normal
14070.00,-0.4008,0.0500,95,normal
14080.00,-0.6328,0.0500,95,normal
14090.00,-0.5478,0.0500,95,normal
14100.00,-0.1663,0.0500,95,normal
14110.00,0.2060,0.0500,95,normal
14120.00,0.3782,0.0500,95,normal
14130.00,0.1776,0.0500,95,normal
14140.00,-0.0348,0.0500,95,normal
14150.00,-0.2213,0.0500,95,normal
14160.00,-0.3822,0.0500,95,normal
14170.00,-0.4433,0.0500,95,normal
14180.00,-0.4999,0.0500,95,normal
14190.00,-0.1721,0.0500,95,normal
14200.00,0.2779,0.0500,95,normal
14210.00,0.7377,0.0500,95,normal
14220.00,0.8719,0.0500,95,normal
14230.00,0.7342,0.0500,95,normal
14240.00,0.3620,0.0500,95,normal
14250.00,-0.0085,0.0500,95,normal
14260.00,-0.3280,0.0500,95,normal
14270.00,-0.7372,0.0500,95,normal
14280.00,-0.8694,0.0500,95,normal
14290.00,-0.6986,0.0500,95,normal
14300.00,-0.3098,0.0500,95,normal
14310.00,0.2037,0.0500,95,normal
14320.00,0.5129,0.0500,95,normal
14330.00,0.4987,0.0500,95,normal
14340.00,0.3422,0.0500,95,normal
14350.00,0.1688,0.0500,95,normal
14360.00,0.0107,0.0500,95,normal
14370.00,-0.2472,0.0500,95,normal
14380.00,-0.2937,0.0500,95,normal
14390.00,-0.1585,0.0500,95,normal
14400.00,0.1329,0.0500,95,normal
14410.00,0.5029,0.0500,95,normal
14420.00,0.5643,0.0500,95,normal
14430.00,0.3723,0.0500,95,normal
14440.00,0.0079,0.0500,95,normal
14450.00,-0.2823,0.0500,95,normal
14460.00,-0.5400,0.0500,95,normal
14470.00,-0.8083,0.0500,95,normal
14480.00,-0.8538,0.0500,95,normal
14490.00,-0.5827,0.0500,95,normal
14500.00,0.0036,0.0500,95,normal
14510.00,0.5702,0.0500,95,normal
14520.00,0.8313,0.0500,95,normal
14530.00,0.7563,0.0500,95,normal
14540.00,0.5710,0.0500,95,normal
14550.00,0.3203,0.0500,95,normal
14560.00,-0.0114,0.0500,95,normal
14570.00,-0.3648,0.0500,95,normal
14580.00,-0.5453,0.0500,95,normal
14590.00,-0.4794,0.0500,95,normal
14600.00,-0.1818,0.0500,95,normal
14610.00,0.1635,0.0500,95,normal
14620.00,0.3092,0.0500,95,normal
14630.00,0.2582,0.0500,95,normal
14640.00,0.0447,0.0500,95,normal
14650.00,-0.2044,0.0500,95,normal
14660.00,-0.2932,0.0500,95,normal
14670.00,-0.5052,0.0500,95,normal
14680.00,-0.5284,0.0500,95,normal
14690.00,-0.2256,0.0500,95,normal
14700.00,0.2508,0.0500,95,normal
14710.00,0.7442,0.0500,95,normal
14720.00,0.9289,0.0500,95,normal
14730.00,0.6912,0.0500,95,normal
14740.00,0.4095,0.0500,95,normal
14750.00,0.0075,0.0500,95,normal
14760.00,-0.3480,0.0500,95,normal
14770.00,-0.7067,0.0500,95,normal
14780.00,-0.8679,0.0500,95,normal
14790.00,-0.7952,0.0500,95,normal
14800.00,-0.3153,0.0500,95,normal
14810.00,0.2282,0.0500,95,normal
14820.00,0.4729,0.0500,95,normal
14830.00,0.5077,0.0500,95,normal
14840.00,0.3097,0.0500,95,normal
14850.00,0.1473,0.0500,95,normal
14860.00,-0.0218,0.0500,95,normal
14870.00,-0.2162,0.0500,95,normal
14880.00,-0.3337,0.0500,95,normal
14890.00,-0.2235,0.0500,95,normal
14900.00,0.1784,0.0500,95,normal
14910.00,0.5129,0.0500,95,normal
14920.00,0.6398,0.0500,95,normal
14930.00,0.3443,0.0500,95,normal
14940.00,-0.0021,0.0500,95,normal
14950.00,-0.2573,0.0500,95,normal
14960.00,-0.5470,0.0500,95,normal
14970.00,-0.7788,0.0500,95,normal
14980.00,-0.8783,0.0500,95,normal
14990.00,-0.5087,0.0500,95,normal
15000.00,0.1231,0.1500,85,abnormal
15010.00,1.4484,0.1500,85,abnormal
15020.00,0.5613,0.1500,85,abnormal
15030.00,-0.2810,0.1500,85,abnormal
15040.00,0.3188,0.1500,85,abnormal
15050.00,0.7333,0.1500,85,abnormal
15060.00,1.2312,0.1500,85,abnormal
15070.00,2.0668,0.1500,85,abnormal
15080.00,1.0046,0.1500,85,abnormal
15090.00,-0.0006,0.1500,85,abnormal
15100.00,1.3606,0.1500,85,abnormal
15110.00,2.8103,0.1500,85,abnormal
15120.00,1.6253,0.1500,85,abnormal
15130.00,0.8348,0.1500,85,abnormal
15140.00,1.1206,0.1500,85,abnormal
15150.00,1.4537,0.1500,85,abnormal
15160.00,1.7551,0.1500,85,abnormal
15170.00,2.0606,0.1500,85,abnormal
15180.00,0.9614,0.1500,85,abnormal
15190.00,-0.3100,0.1500,85,abnormal
15200.00,0.9312,0.1500,85,abnormal
15210.00,2.0475,0.1500,85,abnormal
15220.00,0.7583,0.1500,85,abnormal
15230.00,-0.5412,0.1500,85,abnormal
15240.00,-0.0163,0.1500,85,abnormal
15250.00,0.0256,0.1500,85,abnormal
15260.00,0.0808,0.1500,85,abnormal
15270.00,0.4525,0.1500,85,abnormal
15280.00,-0.5966,0.1500,85,abnormal
15290.00,-2.0160,0.1500,85,abnormal
15300.00,-0.8112,0.1500,85,abnormal
15310.00,0.2696,0.1500,85,abnormal
15320.00,-1.0199,0.1500,85,abnormal
15330.00,-2.1027,0.1500,85,abnormal
15340.00,-1.5000,0.1500,85,abnormal
15350.00,-1.5495,0.1500,85,abnormal
15360.00,-1.2601,0.1500,85,abnormal
15370.00,-0.7270,0.1500,85,abnormal
15380.00,-1.7740,0.1500,85,abnormal
15390.00,-2.7218,0.1500,85,abnormal
15400.00,-1.4956,0.1500,85,abnormal
15410.00,-0.2048,0.1500,85,abnormal
15420.00,-1.0722,0.1500,85,abnormal
15430.00,-1.9184,0.1500,85,abnormal
15440.00,-1.2461,0.1500,85,abnormal
15450.00,-0.9657,0.1500,85,abnormal
15460.00,-0.4028,0.1500,85,abnormal
15470.00,0.0814,0.1500,85,abnormal
15480.00,-0.4174,0.1500,85,abnormal
15490.00,-1.4618,0.1500,85,abnormal
15500.00,0.1305,0.1500,85,abnormal
15510.00,1.2909,0.1500,85,abnormal
15520.00,0.6244,0.1500,85,abnormal
15530.00,-0.0861,0.1500,85,abnormal
15540.00,0.3323,0.1500,85,abnormal
15550.00,1.0048,0.1500,85,abnormal
15560.00,1.3722,0.1500,85,abnormal
15570.00,2.0203,0.1500,85,abnormal
15580.00,0.9777,0.1500,85,abnormal
15590.00,0.2334,0.1500,85,abnormal
15600.00,1.3082,0.1500,85,abnormal
15610.00,2.7503,0.1500,85,abnormal
15620.00,1.8188,0.1500,85,abnormal
15630.00,0.6339,0.1500,85,abnormal
15640.00,1.1011,0.1500,85,abnormal
15650.00,1.3351,0.1500,85,abnormal
15660.00,1.6021,0.1500,85,abnormal
15670.00,1.9271,0.1500,85,abnormal
15680.00,0.9088,0.1500,85,abnormal
15690.00,-0.2426,0.1500,85,abnormal
15700.00,0.9448,0.1500,85,abnormal
15710.00,1.8495,0.1500,85,abnormal
15720.00,0.7855,0.1500,85,abnormal
15730.00,-0.3507,0.1500,85,abnormal
15740.00,-0.1228,0.1500,85,abnormal
15750.00,0.0181,0.1500,85,abnormal
15760.00,0.0883,0.1500,85,abnormal
15770.00,0.3370,0.1500,85,abnormal
15780.00,-0.7286,0.1500,85,abnormal
15790.00,-1.9305,0.1500,85,abnormal
15800.00,-0.9867,0.1500,85,abnormal
15810.00,0.0941,0.1500,85,abnormal
15820.00,-0.9585,0.1500,85,abnormal
15830.00,-2.1071,0.1500,85,abnormal
15840.00,-1.6695,0.1500,85,abnormal
15850.00,-1.3454,0.1500,85,abnormal
15860.00,-1.1686,0.1500,85,abnormal
15870.00,-0.7764,0.1500,85,abnormal
15880.00,-1.7590,0.1500,85,abnormal
15890.00,-2.5988,0.1500,85,abnormal
15900.00,-1.4714,0.1500,85,abnormal
15910.00,-0.0264,0.1500,85,abnormal
15920.00,-1.0902,0.1500,85,abnormal
15930.00,-2.0025,0.1500,85,abnormal
15940.00,-1.2521,0.1500,85,abnormal
15950.00,-0.7810,0.1500,85,abnormal
15960.00,-0.4658,0.1500,85,abnormal
15970.00,0.1503,0.1500,85,abnormal
15980.00,-0.4249,0.1500,85,abnormal
15990.00,-1.2998,0.1500,85,abnormal
16000.00,0.0931,0.1500,85,abnormal
16010.00,1.4469,0.1500,85,abnormal
16020.00,0.4594,0.1500,85,abnormal
16030.00,-0.1925,0.1500,85,abnormal
16040.00,0.5483,0.1500,85,abnormal
16050.00,1.0032,0.1500,85,abnormal
16060.00,1.4412,0.1500,85,abnormal
16070.00,1.9004,0.1500,85,abnormal
16080.00,1.2356,0.1500,85,abnormal
16090.00,0.1809,0.1500,85,abnormal
16100.00,1.3217,0.1500,85,abnormal
16110.00,2.8448,0.1500,85,abnormal
16120.00,1.5698,0.1500,85,abnormal
16130.00,0.6340,0.1500,85,abnormal
16140.00,1.2751,0.1500,85,abnormal
16150.00,1.5482,0.1500,85,abnormal
16160.00,1.5631,0.1500,85,abnormal
16170.00,1.9750,0.1500,85,abnormal
16180.00,0.8714,0.1500,85,abnormal
16190.00,-0.2515,0.1500,85,abnormal
16200.00,1.0136,0.1500,85,abnormal
16210.00,2.0475,0.1500,85,abnormal
16220.00,0.7015,0.1500,85,abnormal
16230.00,-0.4256,0.1500,85,abnormal
16240.00,-0.1228,0.1500,85,abnormal
16250.00,-0.0703,0.1500,85,abnormal
16260.00,0.0643,0.1500,85,abnormal
16270.00,0.4225,0.1500,85,abnormal
16280.00,-0.7062,0.1500,85,abnormal
16290.00,-2.0895,0.1500,85,abnormal
16300.00,-0.9461,0.1500,85,abnormal
16310.00,0.2906,0.1500,85,abnormal
16320.00,-1.1160,0.1500,85,abnormal
16330.00,-2.0996,0.1500,85,abnormal
16340.00,-1.6230,0.1500,85,abnormal
16350.00,-1.4252,0.1500,85,abnormal
16360.00,-1.1686,0.1500,85,abnormal
16370.00,-0.8560,0.1500,85,abnormal
16380.00,-1.5549,0.1500,85,abnormal
16390.00,-2.7518,0.1500,85,abnormal
16400.00,-1.5061,0.1500,85,abnormal
16410.00,-0.1133,0.1500,85,abnormal
16420.00,-0.9882,0.1500,85,abnormal
16430.00,-1.8615,0.1500,85,abnormal
16440.00,-1.2581,0.1500,85,abnormal
16450.00,-0.8172,0.1500,85,abnormal
16460.00,-0.4792,0.1500,85,abnormal
16470.00,0.2838,0.1500,85,abnormal
16480.00,-0.6589,0.1500,85,abnormal
16490.00,-1.4694,0.1500,85,abnormal
16500.00,-0.1005,0.1500,85,abnormal
16510.00,1.3419,0.1500,85,abnormal
16520.00,0.6767,0.1500,85,abnormal
16530.00,-0.2075,0.1500,85,abnormal
16540.00,0.5723,0.1500,85,abnormal
16550.00,0.8352,0.1500,85,abnormal
16560.00,1.3152,0.1500,85,abnormal
16570.00,1.8538,0.1500,85,abnormal
16580.00,1.0105,0.1500,85,abnormal
16590.00,0.1839,0.1500,85,abnormal
16600.00,1.4642,0.1500,85,abnormal
16610.00,2.6093,0.1500,85,abnormal
16620.00,1.7814,0.1500,85,abnormal
16630.00,0.7553,0.1500,85,abnormal
16640.00,1.0666,0.1500,85,abnormal
16650.00,1.3667,0.1500,85,abnormal
16660.00,1.6486,0.1500,85,abnormal
16670.00,1.9645,0.1500,85,abnormal
16680.00,1.1218,0.1500,85,abnormal
16690.00,-0.3536,0.1500,85,abnormal
16700.00,0.9042,0.1500,85,abnormal
16710.00,2.0850,0.1500,85,abnormal
16720.00,0.6595,0.1500,85,abnormal
16730.00,-0.4947,0.1500,85,abnormal
16740.00,0.0362,0.1500,85,abnormal
16750.00,0.0451,0.1500,85,abnormal
16760.00,0.1438,0.1500,85,abnormal
16770.00,0.3789,0.1500,85,abnormal
16780.00,-0.8231,0.1500,85,abnormal
16790.00,-1.8345,0.1500,85,abnormal
16800.00,-0.7407,0.1500,85,abnormal
16810.00,0.2996,0.1500,85,abnormal
16820.00,-1.0846,0.1500,85,abnormal
16830.00,-2.1266,0.1500,85,abnormal
16840.00,-1.6110,0.1500,85,abnormal
16850.00,-1.4925,0.1500,85,abnormal
16860.00,-1.3201,0.1500,85,abnormal
16870.00,-0.5980,0.1500,85,abnormal
16880.00,-1.5640,0.1500,85,abnormal
16890.00,-2.5943,0.1500,85,abnormal
16900.00,-1.4039,0.1500,85,abnormal
16910.00,-0.1419,0.1500,85,abnormal
16920.00,-1.0916,0.1500,85,abnormal
16930.00,-1.9336,0.1500,85,abnormal
16940.00,-1.2341,0.1500,85,abnormal
16950.00,-0.7795,0.1500,85,abnormal
16960.00,-0.3683,0.1500,85,abnormal
16970.00,0.2359,0.1500,85,abnormal
16980.00,-0.5269,0.1500,85,abnormal
16990.00,-1.4843,0.1500,85,abnormal
17000.00,0.0345,0.1500,85,abnormal
17010.00,1.3599,0.1500,85,abnormal
17020.00,0.6724,0.1500,85,abnormal
17030.00,-0.1384,0.1500,85,abnormal
17040.00,0.5049,0.1500,85,abnormal
17050.00,0.8771,0.1500,85,abnormal
17060.00,1.2927,0.1500,85,abnormal
17070.00,1.9123,0.1500,85,abnormal
17080.00,1.0151,0.1500,85,abnormal
17090.00,0.0144,0.1500,85,abnormal
17100.00,1.4162,0.1500,85,abnormal
17110.00,2.6528,0.1500,85,abnormal
17120.00,1.6088,0.1500,85,abnormal
17130.00,0.8724,0.1500,85,abnormal
17140.00,1.3336,0.1500,85,abnormal
17150.00,1.5273,0.1500,85,abnormal
17160.00,1.5915,0.1500,85,abnormal
17170.00,1.9390,0.1500,85,abnormal
17180.00,1.0768,0.1500,85,abnormal
17190.00,-0.3371,0.1500,85,abnormal
17200.00,0.9718,0.1500,85,abnormal
17210.00,1.8901,0.1500,85,abnormal
17220.00,0.6010,0.1500,85,abnormal
17230.00,-0.5037,0.1500,85,abnormal
17240.00,-0.0373,0.1500,85,abnormal
17250.00,-0.0856,0.1500,85,abnormal
17260.00,0.1964,0.1500,85,abnormal
17270.00,0.3521,0.1500,85,abnormal
17280.00,-0.6027,0.1500,85,abnormal
17290.00,-2.0025,0.1500,85,abnormal
17300.00,-0.7737,0.1500,85,abnormal
17310.00,0.3280,0.1500,85,abnormal
17320.00,-1.1250,0.1500,85,abnormal
17330.00,-2.1251,0.1500,85,abnormal
17340.00,-1.7745,0.1500,85,abnormal
17350.00,-1.3305,0.1500,85,abnormal
17360.00,-1.0501,0.1500,85,abnormal
17370.00,-0.7856,0.1500,85,abnormal
17380.00,-1.5638,0.1500,85,abnormal
17390.00,-2.6873,0.1500,85,abnormal
17400.00,-1.4880,0.1500,85,abnormal
17410.00,-0.0129,0.1500,85,abnormal
17420.00,-1.1757,0.1500,85,abnormal
17430.00,-1.9995,0.1500,85,abnormal
17440.00,-1.3166,0.1500,85,abnormal
17450.00,-0.9611,0.1500,85,abnormal
17460.00,-0.3068,0.1500,85,abnormal
17470.00,0.3170,0.1500,85,abnormal
17480.00,-0.4911,0.1500,85,abnormal
17490.00,-1.3209,0.1500,85,abnormal
17500.00,0.0196,0.1500,85,abnormal
17510.00,1.5594,0.1500,85,abnormal
17520.00,0.4984,0.1500,85,abnormal
17530.00,-0.2944,0.1500,85,abnormal
17540.00,0.5708,0.1500,85,abnormal
17550.00,0.9044,0.1500,85,abnormal
17560.00,1.2191,0.1500,85,abnormal
17570.00,1.7997,0.1500,85,abnormal
17580.00,1.0481,0.1500,85,abnormal
17590.00,0.1134,0.1500,85,abnormal
17600.00,1.4430,0.1500,85,abnormal
17610.00,2.7413,0.1500,85,abnormal
17620.00,1.6598,0.1500,85,abnormal
17630.00,0.7329,0.1500,85,abnormal
17640.00,1.1686,0.1500,85,abnormal
17650.00,1.4912,0.1500,85,abnormal
17660.00,1.5826,0.1500,85,abnormal
17670.00,2.0006,0.1500,85,abnormal
17680.00,1.0992,0.1500,85,abnormal
17690.00,-0.3446,0.1500,85,abnormal
17700.00,0.8474,0.1500,85,abnormal
17710.00,1.9035,0.1500,85,abnormal
17720.00,0.8469,0.1500,85,abnormal
17730.00,-0.4376,0.1500,85,abnormal
17740.00,-0.1708,0.1500,85,abnormal
17750.00,-0.0523,0.1500,85,abnormal
17760.00,0.1603,0.1500,85,abnormal
17770.00,0.3099,0.1500,85,abnormal
17780.00,-0.7811,0.1500,85,abnormal
17790.00,-2.0999,0.1500,85,abnormal
17800.00,-1.0197,0.1500,85,abnormal
17810.00,0.1481,0.1500,85,abnormal
17820.00,-1.0408,0.1500,85,abnormal
17830.00,-1.8897,0.1500,85,abnormal
17840.00,-1.6786,0.1500,85,abnormal
17850.00,-1.4941,0.1500,85,abnormal
17860.00,-1.2496,0.1500,85,abnormal
17870.00,-0.7420,0.1500,85,abnormal
17880.00,-1.7049,0.1500,85,abnormal
17890.00,-2.8523,0.1500,85,abnormal
17900.00,-1.4578,0.1500,85,abnormal
17910.00,-0.2589,0.1500,85,abnormal
17920.00,-1.0408,0.1500,85,abnormal
17930.00,-2.0322,0.1500,85,abnormal
17940.00,-1.4111,0.1500,85,abnormal
17950.00,-0.9717,0.1500,85,abnormal
17960.00,-0.3728,0.1500,85,abnormal
17970.00,0.3033,0.1500,85,abnormal
17980.00,-0.4355,0.1500,85,abnormal
17990.00,-1.3328,0.1500,85,abnormal
18000.00,-0.1230,0.1500,85,abnormal
18010.00,1.3735,0.1500,85,abnormal
18020.00,0.5959,0.1500,85,abnormal
18030.00,-0.2990,0.1500,85,abnormal
18040.00,0.5288,0.1500,85,abnormal
18050.00,0.9568,0.1500,85,abnormal
18060.00,1.4232,0.1500,85,abnormal
18070.00,2.0684,0.1500,85,abnormal
18080.00,1.1950,0.1500,85,abnormal
18090.00,0.1839,0.1500,85,abnormal
18100.00,1.3487,0.1500,85,abnormal
18110.00,2.7938,0.1500,85,abnormal
18120.00,1.5577,0.1500,85,abnormal
18130.00,0.6115,0.1500,85,abnormal
18140.00,1.2857,0.1500,85,abnormal
18150.00,1.3829,0.1500,85,abnormal
18160.00,1.5451,0.1500,85,abnormal
18170.00,1.9360,0.1500,85,abnormal
18180.00,0.9629,0.1500,85,abnormal
18190.00,-0.3430,0.1500,85,abnormal
18200.00,1.0078,0.1500,85,abnormal
18210.00,2.0850,0.1500,85,abnormal
18220.00,0.6296,0.1500,85,abnormal
18230.00,-0.4738,0.1500,85,abnormal
18240.00,0.0377,0.1500,85,abnormal
18250.00,-0.1319,0.1500,85,abnormal
18260.00,0.1978,0.1500,85,abnormal
18270.00,0.4916,0.1500,85,abnormal
18280.00,-0.6552,0.1500,85,abnormal
18290.00,-1.8270,0.1500,85,abnormal
18300.00,-0.8936,0.1500,85,abnormal
18310.00,0.1946,0.1500,85,abnormal
18320.00,-0.9601,0.1500,85,abnormal
18330.00,-2.0142,0.1500,85,abnormal
18340.00,-1.5225,0.1500,85,abnormal
18350.00,-1.5392,0.1500,85,abnormal
18360.00,-1.1701,0.1500,85,abnormal
18370.00,-0.7749,0.1500,85,abnormal
18380.00,-1.7590,0.1500,85,abnormal
18390.00,-2.6962,0.1500,85,abnormal
18400.00,-1.3201,0.1500,85,abnormal
18410.00,-0.1538,0.1500,85,abnormal
18420.00,-1.1367,0.1500,85,abnormal
18430.00,-1.8599,0.1500,85,abnormal
18440.00,-1.4022,0.1500,85,abnormal
18450.00,-0.7764,0.1500,85,abnormal
18460.00,-0.4448,0.1500,85,abnormal
18470.00,0.2388,0.1500,85,abnormal
18480.00,-0.6514,0.1500,85,abnormal
18490.00,-1.5054,0.1500,85,abnormal
18500.00,0.0331,0.1500,85,abnormal
18510.00,1.5444,0.1500,85,abnormal
18520.00,0.5193,0.1500,85,abnormal
18530.00,-0.2600,0.1500,85,abnormal
18540.00,0.3188,0.1500,85,abnormal
18550.00,0.8801,0.1500,85,abnormal
18560.00,1.3887,0.1500,85,abnormal
18570.00,1.9650,0.1500,85,abnormal
18580.00,1.1515,0.1500,85,abnormal
18590.00,0.1539,0.1500,85,abnormal
18600.00,1.3532,0.1500,85,abnormal
18610.00,2.8149,0.1500,85,abnormal
18620.00,1.7034,0.1500,85,abnormal
18630.00,0.7569,0.1500,85,abnormal
18640.00,1.1566,0.1500,85,abnormal
18650.00,1.5017,0.1500,85,abnormal
18660.00,1.5346,0.1500,85,abnormal
18670.00,2.0664,0.1500,85,abnormal
18680.00,1.0379,0.1500,85,abnormal
18690.00,-0.3160,0.1500,85,abnormal
18700.00,0.9479,0.1500,85,abnormal
18710.00,1.8270,0.1500,85,abnormal
18720.00,0.5918,0.1500,85,abnormal
18730.00,-0.4481,0.1500,85,abnormal
18740.00,-0.1513,0.1500,85,abnormal
18750.00,0.0841,0.1500,85,abnormal
18760.00,0.2248,0.1500,85,abnormal
18770.00,0.3416,0.1500,85,abnormal
18780.00,-0.6177,0.1500,85,abnormal
18790.00,-1.9050,0.1500,85,abnormal
18800.00,-0.8951,0.1500,85,abnormal
18810.00,0.1976,0.1500,85,abnormal
18820.00,-0.9540,0.1500,85,abnormal
18830.00,-2.1777,0.1500,85,abnormal
18840.00,-1.5766,0.1500,85,abnormal
18850.00,-1.4925,0.1500,85,abnormal
18860.00,-1.0561,0.1500,85,abnormal
18870.00,-0.6700,0.1500,85,abnormal
18880.00,-1.6629,0.1500,85,abnormal
18890.00,-2.6107,0.1500,85,abnormal
18900.00,-1.4220,0.1500,85,abnormal
18910.00,-0.1418,0.1500,85,abnormal
18920.00,-1.1293,0.1500,85,abnormal
18930.00,-1.9604,0.1500,85,abnormal
18940.00,-1.1981,0.1500,85,abnormal
18950.00,-0.9957,0.1500,85,abnormal
18960.00,-0.4268,0.1500,85,abnormal
18970.00,0.1279,0.1500,85,abnormal
18980.00,-0.5134,0.1500,85,abnormal
18990.00,-1.3313,0.1500,85,abnormal
19000.00,-0.0163,0.1500,85,abnormal
19010.00,1.3494,0.1500,85,abnormal
19020.00,0.6753,0.1500,85,abnormal
19030.00,-0.1506,0.1500,85,abnormal
19040.00,0.5498,0.1500,85,abnormal
19050.00,0.8532,0.1500,85,abnormal
19060.00,1.2506,0.1500,85,abnormal
19070.00,1.9048,0.1500,85,abnormal
19080.00,1.1906,0.1500,85,abnormal
19090.00,0.0083,0.1500,85,abnormal
19100.00,1.2992,0.1500,85,abnormal
19110.00,2.7038,0.1500,85,abnormal
19120.00,1.5369,0.1500,85,abnormal
19130.00,0.7763,0.1500,85,abnormal
19140.00,1.1807,0.1500,85,abnormal
19150.00,1.4296,0.1500,85,abnormal
19160.00,1.6621,0.1500,85,abnormal
19170.00,2.0862,0.1500,85,abnormal
19180.00,1.0559,0.1500,85,abnormal
19190.00,-0.3235,0.1500,85,abnormal
19200.00,0.8202,0.1500,85,abnormal
19210.00,1.9965,0.1500,85,abnormal
19220.00,0.5949,0.1500,85,abnormal
19230.00,-0.4572,0.1500,85,abnormal
19240.00,-0.0613,0.1500,85,abnormal
19250.00,-0.0463,0.1500,85,abnormal
19260.00,0.0448,0.1500,85,abnormal
19270.00,0.2605,0.1500,85,abnormal
19280.00,-0.6760,0.1500,85,abnormal
19290.00,-1.8510,0.1500,85,abnormal
19300.00,-0.7884,0.1500,85,abnormal
19310.00,0.2260,0.1500,85,abnormal
19320.00,-0.9105,0.1500,85,abnormal
19330.00,-2.0577,0.1500,85,abnormal
19340.00,-1.7296,0.1500,85,abnormal
19350.00,-1.3725,0.1500,85,abnormal
19360.00,-1.1221,0.1500,85,abnormal
19370.00,-0.7554,0.1500,85,abnormal
19380.00,-1.7815,0.1500,85,abnormal
19390.00,-2.7068,0.1500,85,abnormal
19400.00,-1.4656,0.1500,85,abnormal
19410.00,0.0187,0.1500,85,abnormal
19420.00,-1.1186,0.1500,85,abnormal
19430.00,-1.9125,0.1500,85,abnormal
19440.00,-1.1696,0.1500,85,abnormal
19450.00,-0.9732,0.1500,85,abnormal
19460.00,-0.5873,0.1500,85,abnormal
19470.00,0.2298,0.1500,85,abnormal
19480.00,-0.6424,0.1500,85,abnormal
19490.00,-1.3809,0.1500,85,abnormal
19500.00,0.0857,0.1500,85,abnormal
19510.00,1.3734,0.1500,85,abnormal
19520.00,0.4157,0.1500,85,abnormal
19530.00,-0.1879,0.1500,85,abnormal
19540.00,0.5694,0.1500,85,abnormal
19550.00,0.9388,0.1500,85,abnormal
19560.00,1.3362,0.1500,85,abnormal
19570.00,1.7698,0.1500,85,abnormal
19580.00,1.2026,0.1500,85,abnormal
19590.00,0.1509,0.1500,85,abnormal
19600.00,1.4132,0.1500,85,abnormal
19610.00,2.6213,0.1500,85,abnormal
19620.00,1.6118,0.1500,85,abnormal
19630.00,0.6577,0.1500,85,abnormal
19640.00,1.2271,0.1500,85,abnormal
19650.00,1.3967,0.1500,85,abnormal
19660.00,1.6651,0.1500,85,abnormal
19670.00,1.8911,0.1500,85,abnormal
19680.00,0.9479,0.1500,85,abnormal
19690.00,-0.1450,0.1500,85,abnormal
19700.00,0.9071,0.1500,85,abnormal
19710.00,1.9275,0.1500,85,abnormal
19720.00,0.5814,0.1500,85,abnormal
19730.00,-0.4240,0.1500,85,abnormal
19740.00,-0.0837,0.1500,85,abnormal
19750.00,-0.0526,0.1500,85,abnormal
19760.00,0.0464,0.1500,85,abnormal
19770.00,0.4270,0.1500,85,abnormal
19780.00,-0.7390,0.1500,85,abnormal
19790.00,-2.0610,0.1500,85,abnormal
19800.00,-0.8561,0.1500,85,abnormal
19810.00,0.3101,0.1500,85,abnormal
19820.00,-0.9615,0.1500,85,abnormal
19830.00,-1.9948,0.1500,85,abnormal
19840.00,-1.6935,0.1500,85,abnormal
19850.00,-1.4488,0.1500,85,abnormal
19860.00,-1.3216,0.1500,85,abnormal
19870.00,-0.7075,0.1500,85,abnormal
19880.00,-1.5535,0.1500,85,abnormal
19890.00,-2.7638,0.1500,85,abnormal
19900.00,-1.4160,0.1500,85,abnormal
19910.00,-0.2648,0.1500,85,abnormal
19920.00,-1.0228,0.1500,85,abnormal
19930.00,-1.9529,0.1500,85,abnormal
19940.00,-1.2385,0.1500,85,abnormal
19950.00,-0.7752,0.1500,85,abnormal
19960.00,-0.4417,0.1500,85,abnormal
19970.00,0.3140,0.1500,85,abnormal
19980.00,-0.6815,0.1500,85,abnormal
19990.00,-1.4724,0.1500,85,abnormal
20000.00,0.0130,0.0500,95,normal
20010.00,0.6002,0.0500,95,normal
20020.00,0.8788,0.0500,95,normal
20030.00,0.8153,0.0500,95,normal
20040.00,0.5834,0.0500,95,normal
20050.00,0.3083,0.0500,95,normal
20060.00,-0.0614,0.0500,95,normal
20070.00,-0.3654,0.0500,95,normal
20080.00,-0.5563,0.0500,95,normal
20090.00,-0.5449,0.0500,95,normal
20100.00,-0.1698,0.0500,95,normal
20110.00,0.1895,0.0500,95,normal
20120.00,0.3432,0.0500,95,normal
20130.00,0.2196,0.0500,95,normal
20140.00,-0.0403,0.0500,95,normal
20150.00,-0.2128,0.0500,95,normal
20160.00,-0.3682,0.0500,95,normal
20170.00,-0.4368,0.0500,95,normal
20180.00,-0.5274,0.0500,95,normal
20190.00,-0.1676,0.0500,95,normal
20200.00,0.2724,0.0500,95,normal
20210.00,0.7732,0.0500,95,normal
20220.00,0.8654,0.0500,95,normal
20230.00,0.7632,0.0500,95,normal
20240.00,0.4065,0.0500,95,normal
20250.00,0.0465,0.0500,95,normal
20260.00,-0.3200,0.0500,95,normal
20270.00,-0.7598,0.0500,95,normal
20280.00,-0.8899,0.0500,95,normal
20290.00,-0.7941,0.0500,95,normal
20300.00,-0.2819,0.0500,95,normal
20310.00,0.2196,0.0500,95,normal
20320.00,0.4724,0.0500,95,normal
20330.00,0.4387,0.0500,95,normal
20340.00,0.3211,0.0500,95,normal
20350.00,0.1358,0.0500,95,normal
20360.00,0.0372,0.0500,95,normal
20370.00,-0.2507,0.0500,95,normal
20380.00,-0.2857,0.0500,95,normal
20390.00,-0.1605,0.0500,95,normal
20400.00,0.1594,0.0500,95,normal
20410.00,0.5243,0.0500,95,normal
20420.00,0.5983,0.0500,95,normal
20430.00,0.3433,0.0500,95,normal
20440.00,0.0179,0.0500,95,normal
20450.00,-0.3264,0.0500,95,normal
20460.00,-0.5840,0.0500,95,normal
20470.00,-0.7398,0.0500,95,normal
20480.00,-0.8673,0.0500,95,normal
20490.00,-0.5161,0.0500,95,normal
20500.00,-0.0315,0.0500,95,normal
20510.00,0.5483,0.0500,95,normal
20520.00,0.7868,0.0500,95,normal
20530.00,0.7978,0.0500,95,normal
20540.00,0.5269,0.0500,95,normal
20550.00,0.2653,0.0500,95,normal
20560.00,-0.0150,0.0500,95,normal
20570.00,-0.3249,0.0500,95,normal
20580.00,-0.6263,0.0500,95,normal
20590.00,-0.4764,0.0500,95,normal
20600.00,-0.1942,0.0500,95,normal
20610.00,0.2230,0.0500,95,normal
20620.00,0.3012,0.0500,95,normal
20630.00,0.2492,0.0500,95,normal
20640.00,-0.0402,0.0500,95,normal
20650.00,-0.1334,0.0500,95,normal
20660.00,-0.3452,0.0500,95,normal
20670.00,-0.4653,0.0500,95,normal
20680.00,-0.5029,0.0500,95,normal
20690.00,-0.1671,0.0500,95,normal
20700.00,0.2788,0.0500,95,normal
20710.00,0.7468,0.0500,95,normal
20720.00,0.9064,0.0500,95,normal
20730.00,0.6907,0.0500,95,normal
20740.00,0.3785,0.0500,95,normal
20750.00,-0.0355,0.0500,95,normal
20760.00,-0.3966,0.0500,95,normal
20770.00,-0.7392,0.0500,95,normal
20780.00,-0.9159,0.0500,95,normal
20790.00,-0.7856,0.0500,95,normal
20800.00,-0.2763,0.0500,95,normal
20810.00,0.2661,0.0500,95,normal
20820.00,0.4369,0.0500,95,normal
20830.00,0.5048,0.0500,95,normal
20840.00,0.3581,0.0500,95,normal
20850.00,0.1863,0.0500,95,normal
20860.00,-0.0108,0.0500,95,normal
20870.00,-0.2632,0.0500,95,normal
20880.00,-0.3612,0.0500,95,normal
20890.00,-0.1529,0.0500,95,normal
20900.00,0.2034,0.0500,95,normal
20910.00,0.4834,0.0500,95,normal
20920.00,0.5608,0.0500,95,normal
20930.00,0.3753,0.0500,95,normal
20940.00,-0.0096,0.0500,95,normal
20950.00,-0.3043,0.0500,95,normal
20960.00,-0.5285,0.0500,95,normal
20970.00,-0.7498,0.0500,95,normal
20980.00,-0.8188,0.0500,95,normal
20990.00,-0.5257,0.0500,95,normal
21000.00,0.0366,0.0500,95,normal
21010.00,0.5112,0.0500,95,normal
21020.00,0.8828,0.0500,95,normal
21030.00,0.7963,0.0500,95,normal
21040.00,0.6064,0.0500,95,normal
21050.00,0.2493,0.0500,95,normal
21060.00,-0.0109,0.0500,95,normal
21070.00,-0.3424,0.0500,95,normal
21080.00,-0.6018,0.0500,95,normal
21090.00,-0.5273,0.0500,95,normal
21100.00,-0.2033,0.0500,95,normal
21110.00,0.2250,0.0500,95,normal
21120.00,0.3257,0.0500,95,normal
21130.00,0.1802,0.0500,95,normal
21140.00,0.0428,0.0500,95,normal
21150.00,-0.2029,0.0500,95,normal
21160.00,-0.3572,0.0500,95,normal
21170.00,-0.4518,0.0500,95,normal
21180.00,-0.4794,0.0500,95,normal
21190.00,-0.2561,0.0500,95,normal
21200.00,0.3064,0.0500,95,normal
21210.00,0.7967,0.0500,95,normal
21220.00,0.8719,0.0500,95,normal
21230.00,0.6757,0.0500,95,normal
21240.00,0.3355,0.0500,95,normal
21250.00,-0.0085,0.0500,95,normal
21260.00,-0.4081,0.0500,95,normal
21270.00,-0.7187,0.0500,95,normal
21280.00,-0.8829,0.0500,95,normal
21290.00,-0.7731,0.0500,95,normal
21300.00,-0.2878,0.0500,95,normal
21310.00,0.1977,0.0500,95,normal
21320.00,0.4994,0.0500,95,normal
21330.00,0.4297,0.0500,95,normal
21340.00,0.3812,0.0500,95,normal
21350.00,0.2208,0.0500,95,normal
21360.00,0.0117,0.0500,95,normal
21370.00,-0.1722,0.0500,95,normal
21380.00,-0.3412,0.0500,95,normal
21390.00,-0.2419,0.0500,95,normal
21400.00,0.1380,0.0500,95,normal
21410.00,0.5119,0.0500,95,normal
21420.00,0.5953,0.0500,95,normal
21430.00,0.3728,0.0500,95,normal
21440.00,0.0674,0.0500,95,normal
21450.00,-0.2403,0.0500,95,normal
21460.00,-0.6005,0.0500,95,normal
21470.00,-0.7913,0.0500,95,normal
21480.00,-0.8188,0.0500,95,normal
21490.00,-0.5767,0.0500,95,normal
21500.00,-0.0145,0.0500,95,normal
21510.00,0.5093,0.0500,95,normal
21520.00,0.8083,0.0500,95,normal
21530.00,0.7558,0.0500,95,normal
21540.00,0.5320,0.0500,95,normal
21550.00,0.2803,0.0500,95,normal
21560.00,-0.0684,0.0500,95,normal
21570.00,-0.3653,0.0500,95,normal
21580.00,-0.5628,0.0500,95,normal
21590.00,-0.5713,0.0500,95,normal
21600.00,-0.1838,0.0500,95,normal
21610.00,0.1720,0.0500,95,normal
21620.00,0.3397,0.0500,95,normal
21630.00,0.2197,0.0500,95,normal
21640.00,-0.0433,0.0500,95,normal
21650.00,-0.1438,0.0500,95,normal
21660.00,-0.3067,0.0500,95,normal
21670.00,-0.4568,0.0500,95,normal
21680.00,-0.4359,0.0500,95,normal
21690.00,-0.2126,0.0500,95,normal
21700.00,0.2644,0.0500,95,normal
21710.00,0.7272,0.0500,95,normal
21720.00,0.8654,0.0500,95,normal
21730.00,0.6892,0.0500,95,normal
21740.00,0.3540,0.0500,95,normal
21750.00,-0.0220,0.0500,95,normal
21760.00,-0.3760,0.0500,95,normal
21770.00,-0.7077,0.0500,95,normal
21780.00,-0.9184,0.0500,95,normal
21790.00,-0.7197,0.0500,95,normal
21800.00,-0.2482,0.0500,95,normal
21810.00,0.1827,0.0500,95,normal
21820.00,0.4964,0.0500,95,normal
21830.00,0.5142,0.0500,95,normal
21840.00,0.3051,0.0500,95,normal
21850.00,0.1734,0.0500,95,normal
21860.00,-0.0403,0.0500,95,normal
21870.00,-0.2097,0.0500,95,normal
21880.00,-0.3257,0.0500,95,normal
21890.00,-0.2264,0.0500,95,normal
21900.00,0.1918,0.0500,95,normal
21910.00,0.5284,0.0500,95,normal
21920.00,0.6248,0.0500,95,normal
21930.00,0.4158,0.0500,95,normal
21940.00,0.0584,0.0500,95,normal
21950.00,-0.3079,0.0500,95,normal
21960.00,-0.5805,0.0500,95,normal
21970.00,-0.7843,0.0500,95,normal
21980.00,-0.8418,0.0500,95,normal
21990.00,-0.5532,0.0500,95,normal
22000.00,0.0141,0.0500,95,normal
22010.00,0.5947,0.0500,95,normal
22020.00,0.8313,0.0500,95,normal
22030.00,0.7658,0.0500,95,normal
22040.00,0.5555,0.0500,95,normal
22050.00,0.2588,0.0500,95,normal
22060.00,-0.0475,0.0500,95,normal
22070.00,-0.3393,0.0500,95,normal
22080.00,-0.5758,0.0500,95,normal
22090.00,-0.5288,0.0500,95,normal
22100.00,-0.2143,0.0500,95,normal
22110.00,0.1815,0.0500,95,normal
22120.00,0.3567,0.0500,95,normal
22130.00,0.2576,0.0500,95,normal
22140.00,-0.0283,0.0500,95,normal
22150.00,-0.1573,0.0500,95,normal
22160.00,-0.2852,0.0500,95,normal
22170.00,-0.4953,0.0500,95,normal
22180.00,-0.4564,0.0500,95,normal
22190.00,-0.1716,0.0500,95,normal
22200.00,0.2530,0.0500,95,normal
22210.00,0.7572,0.0500,95,normal
22220.00,0.9359,0.0500,95,normal
22230.00,0.7582,0.0500,95,normal
22240.00,0.3370,0.0500,95,normal
22250.00,0.0055,0.0500,95,normal
22260.00,-0.3450,0.0500,95,normal
22270.00,-0.7352,0.0500,95,normal
22280.00,-0.8749,0.0500,95,normal
22290.00,-0.7351,0.0500,95,normal
22300.00,-0.3203,0.0500,95,normal
22310.00,0.1902,0.0500,95,normal
22320.00,0.4879,0.0500,95,normal
22330.00,0.4677,0.0500,95,normal
22340.00,0.3777,0.0500,95,normal
22350.00,0.1763,0.0500,95,normal
22360.00,-0.0438,0.0500,95,normal
22370.00,-0.2432,0.0500,95,normal
22380.00,-0.3047,0.0500,95,normal
22390.00,-0.1939,0.0500,95,normal
22400.00,0.1609,0.0500,95,normal
22410.00,0.5569,0.0500,95,normal
22420.00,0.5753,0.0500,95,normal
22430.00,0.3643,0.0500,95,normal
22440.00,-0.0151,0.0500,95,normal
22450.00,-0.3093,0.0500,95,normal
22460.00,-0.5780,0.0500,95,normal
22470.00,-0.7903,0.0500,95,normal
22480.00,-0.8383,0.0500,95,normal
22490.00,-0.5222,0.0500,95,normal
22500.00,0.0476,0.0500,95,normal
22510.00,0.5918,0.0500,95,normal
22520.00,0.8528,0.0500,95,normal
22530.00,0.8073,0.0500,95,normal
22540.00,0.5835,0.0500,95,normal
22550.00,0.2788,0.0500,95,normal
22560.00,-0.0389,0.0500,95,normal
22570.00,-0.3999,0.0500,95,normal
22580.00,-0.5768,0.0500,95,normal
22590.00,-0.4919,0.0500,95,normal
22600.00,-0.1337,0.0500,95,normal
22610.00,0.1525,0.0500,95,normal
22620.00,0.3272,0.0500,95,normal
22630.00,0.2361,0.0500,95,normal
22640.00,-0.0248,0.0500,95,normal
22650.00,-0.1988,0.0500,95,normal
22660.00,-0.2967,0.0500,95,normal
22670.00,-0.4907,0.0500,95,normal
22680.00,-0.4574,0.0500,95,normal
22690.00,-0.1766,0.0500,95,normal
22700.00,0.2858,0.0500,95,normal
22710.00,0.7667,0.0500,95,normal
22720.00,0.8674,0.0500,95,normal
22730.00,0.6692,0.0500,95,normal
22740.00,0.4045,0.0500,95,normal
22750.00,-0.0241,0.0500,95,normal
22760.00,-0.3955,0.0500,95,normal
22770.00,-0.7562,0.0500,95,normal
22780.00,-0.8629,0.0500,95,normal
22790.00,-0.7827,0.0500,95,normal
22800.00,-0.3113,0.0500,95,normal
22810.00,0.2401,0.0500,95,normal
22820.00,0.4439,0.0500,95,normal
22830.00,0.4457,0.0500,95,normal
22840.00,0.3146,0.0500,95,normal
22850.00,0.1838,0.0500,95,normal
22860.00,0.0237,0.0500,95,normal
22870.00,-0.2287,0.0500,95,normal
22880.00,-0.3512,0.0500,95,normal
22890.00,-0.1505,0.0500,95,normal
22900.00,0.2069,0.0500,95,normal
22910.00,0.4825,0.0500,95,normal
22920.00,0.5798,0.0500,95,normal
22930.00,0.3498,0.0500,95,normal
22940.00,-0.0006,0.0500,95,normal
22950.00,-0.2813,0.0500,95,normal
22960.00,-0.5990,0.0500,95,normal
22970.00,-0.7834,0.0500,95,normal
22980.00,-0.8028,0.0500,95,normal
22990.00,-0.5932,0.0500,95,normal
23000.00,-0.0485,0.0500,95,normal
23010.00,0.5777,0.0500,95,normal
23020.00,0.8103,0.0500,95,normal
23030.00,0.7858,0.0500,95,normal
23040.00,0.5659,0.0500,95,normal
23050.00,0.2513,0.0500,95,normal
23060.00,-0.0709,0.0500,95,normal
23070.00,-0.3228,0.0500,95,normal
23080.00,-0.6363,0.0500,95,normal
23090.00,-0.4769,0.0500,95,normal
23100.00,-0.1798,0.0500,95,normal
23110.00,0.1579,0.0500,95,normal
23120.00,0.3687,0.0500,95,normal
23130.00,0.1761,0.0500,95,normal
23140.00,0.0163,0.0500,95,normal
23150.00,-0.2154,0.0500,95,normal
23160.00,-0.3712,0.0500,95,normal
23170.00,-0.4688,0.0500,95,normal
23180.00,-0.5159,0.0500,95,normal
23190.00,-0.2606,0.0500,95,normal
23200.00,0.2748,0.0500,95,normal
23210.00,0.7017,0.0500,95,normal
23220.00,0.9019,0.0500,95,normal
23230.00,0.6937,0.0500,95,normal
23240.00,0.3469,0.0500,95,normal
23250.00,0.0415,0.0500,95,normal
23260.00,-0.3855,0.0500,95,normal
23270.00,-0.7552,0.0500,95,normal
23280.00,-0.8884,0.0500,95,normal
23290.00,-0.7797,0.0500,95,normal
23300.00,-0.3252,0.0500,95,normal
23310.00,0.2336,0.0500,95,normal
23320.00,0.4449,0.0500,95,normal
23330.00,0.4422,0.0500,95,normal
23340.00,0.3552,0.0500,95,normal
23350.00,0.1918,0.0500,95,normal
23360.00,0.0447,0.0500,95,normal
23370.00,-0.2402,0.0500,95,normal
23380.00,-0.3082,0.0500,95,normal
23390.00,-0.1555,0.0500,95,normal
23400.00,0.1968,0.0500,95,normal
23410.00,0.5570,0.0500,95,normal
23420.00,0.5848,0.0500,95,normal
23430.00,0.4003,0.0500,95,normal
23440.00,0.0353,0.0500,95,normal
23450.00,-0.3223,0.0500,95,normal
23460.00,-0.5280,0.0500,95,normal
23470.00,-0.7498,0.0500,95,normal
23480.00,-0.8533,0.0500,95,normal
23490.00,-0.5382,0.0500,95,normal
23500.00,0.0470,0.0500,95,normal
23510.00,0.5472,0.0500,95,normal
23520.00,0.8198,0.0500,95,normal
23530.00,0.7633,0.0500,95,normal
23540.00,0.5209,0.0500,95,normal
23550.00,0.2737,0.0500,95,normal
23560.00,-0.0494,0.0500,95,normal
23570.00,-0.3839,0.0500,95,normal
23580.00,-0.5878,0.0500,95,normal
23590.00,-0.5109,0.0500,95,normal
23600.00,-0.1588,0.0500,95,normal
23610.00,0.2215,0.0500,95,normal
23620.00,0.3487,0.0500,95,normal
23630.00,0.2446,0.0500,95,normal
23640.00,-0.0178,0.0500,95,normal
23650.00,-0.1529,0.0500,95,normal
23660.00,-0.2972,0.0500,95,normal
23670.00,-0.5088,0.0500,95,normal
23680.00,-0.5334,0.0500,95,normal
23690.00,-0.1761,0.0500,95,normal
23700.00,0.2689,0.0500,95,normal
23710.00,0.7262,0.0500,95,normal
23720.00,0.9159,0.0500,95,normal
23730.00,0.7127,0.0500,95,normal
23740.00,0.4095,0.0500,95,normal
23750.00,-0.0220,0.0500,95,normal
23760.00,-0.4080,0.0500,95,normal
23770.00,-0.7658,0.0500,95,normal
23780.00,-0.8759,0.0500,95,normal
23790.00,-0.7961,0.0500,95,normal
23800.00,-0.3353,0.0500,95,normal
23810.00,0.2512,0.0500,95,normal
23820.00,0.4959,0.0500,95,normal
23830.00,0.4417,0.0500,95,normal
23840.00,0.3321,0.0500,95,normal
23850.00,0.1998,0.0500,95,normal
23860.00,-0.0073,0.0500,95,normal
23870.00,-0.2142,0.0500,95,normal
23880.00,-0.3442,0.0500,95,normal
23890.00,-0.1810,0.0500,95,normal
23900.00,0.1489,0.0500,95,normal
23910.00,0.5544,0.0500,95,normal
23920.00,0.6278,0.0500,95,normal
23930.00,0.3773,0.0500,95,normal
23940.00,-0.0071,0.0500,95,normal
23950.00,-0.2539,0.0500,95,normal
23960.00,-0.5085,0.0500,95,normal
23970.00,-0.7453,0.0500,95,normal
23980.00,-0.8563,0.0500,95,normal
23990.00,-0.5996,0.0500,95,normal
24000.00,0.0035,0.0500,95,normal
24010.00,0.5408,0.0500,95,normal
24020.00,0.8743,0.0500,95,normal
24030.00,0.8248,0.0500,95,normal
24040.00,0.5119,0.0500,95,normal
24050.00,0.2368,0.0500,95,normal
24060.00,-0.0075,0.0500,95,normal
24070.00,-0.3429,0.0500,95,normal
24080.00,-0.6133,0.0500,95,normal
24090.00,-0.5324,0.0500,95,normal
24100.00,-0.1672,0.0500,95,normal
24110.00,0.2025,0.0500,95,normal
24120.00,0.3672,0.0500,95,normal
24130.00,0.1942,0.0500,95,normal
24140.00,0.0062,0.0500,95,normal
24150.00,-0.2004,0.0500,95,normal
24160.00,-0.3147,0.0500,95,normal
24170.00,-0.4448,0.0500,95,normal
24180.00,-0.4819,0.0500,95,normal
24190.00,-0.2311,0.0500,95,normal
24200.00,0.3013,0.0500,95,normal
24210.00,0.7018,0.0500,95,normal
24220.00,0.8569,0.0500,95,normal
24230.00,0.7577,0.0500,95,normal